nr_hidden_layers,hidden_layer_size,learning_rate,batch_size,activation_function,mse
1,10,0.001,full,ReLU(),2226979.000623169
1,10,0.001,full,Tanh(),743.6063726806641
1,10,0.001,full,Sigmoid(),751.2836260986328
1,10,0.01,full,ReLU(),124328.36407333374
1,10,0.01,full,Tanh(),587.6177505493164
1,10,0.01,full,Sigmoid(),660.6505609130859
1,10,0.1,full,ReLU(),764.2647235107422
1,10,0.1,full,Tanh(),12.306649832725524
1,10,0.1,full,Sigmoid(),152.7659004211426
1,20,0.001,full,ReLU(),893376.4446089935
1,20,0.001,full,Tanh(),726.6619787597656
1,20,0.001,full,Sigmoid(),741.1820526123047
1,20,0.01,full,ReLU(),296749.50590576173
1,20,0.01,full,Tanh(),459.61009521484374
1,20,0.01,full,Sigmoid(),589.6629885864257
1,20,0.1,full,ReLU(),758.5949401855469
1,20,0.1,full,Tanh(),31.475051651000978
1,20,0.1,full,Sigmoid(),26.740500950813292
1,30,0.001,full,ReLU(),473566.2094946289
1,30,0.001,full,Tanh(),713.6850366210938
1,30,0.001,full,Sigmoid(),733.7074328613281
1,30,0.01,full,ReLU(),364249.69919921877
1,30,0.01,full,Tanh(),346.7101068115234
1,30,0.01,full,Sigmoid(),528.8871078491211
1,30,0.1,full,ReLU(),762.0220166015625
1,30,0.1,full,Tanh(),13.462669067382812
1,30,0.1,full,Sigmoid(),28.59567012786865
1,40,0.001,full,ReLU(),472317.7598162842
1,40,0.001,full,Tanh(),688.8391015625
1,40,0.001,full,Sigmoid(),726.3353247070313
1,40,0.01,full,ReLU(),369416.07414031983
1,40,0.01,full,Tanh(),257.09398818969726
1,40,0.01,full,Sigmoid(),457.37771209716794
1,40,0.1,full,ReLU(),756.3780236816406
1,40,0.1,full,Tanh(),30.604874954223632
1,40,0.1,full,Sigmoid(),28.918155202865602
1,50,0.001,full,ReLU(),569072.0097821045
1,50,0.001,full,Tanh(),677.73142578125
1,50,0.001,full,Sigmoid(),716.0458038330078
1,50,0.01,full,ReLU(),461098.76167419436
1,50,0.01,full,Tanh(),180.9790361022949
1,50,0.01,full,Sigmoid(),405.28877319335936
1,50,0.1,full,ReLU(),757.7085516357422
1,50,0.1,full,Tanh(),18.500705938339234
1,50,0.1,full,Sigmoid(),19.078250999450685
1,60,0.001,full,ReLU(),450841.23047164915
1,60,0.001,full,Tanh(),665.4380578613282
1,60,0.001,full,Sigmoid(),711.8787200927734
1,60,0.01,full,ReLU(),475606.317232666
1,60,0.01,full,Tanh(),121.81405113220215
1,60,0.01,full,Sigmoid(),342.5481137084961
1,60,0.1,full,ReLU(),764.3768731689453
1,60,0.1,full,Tanh(),13.506259064674378
1,60,0.1,full,Sigmoid(),16.57838225841522
1,70,0.001,full,ReLU(),426833.83940307616
1,70,0.001,full,Tanh(),644.9331201171875
1,70,0.001,full,Sigmoid(),700.6225646972656
1,70,0.01,full,ReLU(),519546.86962615966
1,70,0.01,full,Tanh(),78.2543253326416
1,70,0.01,full,Sigmoid(),303.32052474975586
1,70,0.1,full,ReLU(),760.8395629882813
1,70,0.1,full,Tanh(),25.691911869049072
1,70,0.1,full,Sigmoid(),24.22605813026428
1,80,0.001,full,ReLU(),366440.3252105713
1,80,0.001,full,Tanh(),632.7866357421875
1,80,0.001,full,Sigmoid(),693.6782196044921
1,80,0.01,full,ReLU(),582180.0936895752
1,80,0.01,full,Tanh(),47.06169057846069
1,80,0.01,full,Sigmoid(),251.95821655273437
1,80,0.1,full,ReLU(),761.8715991210937
1,80,0.1,full,Tanh(),27.825563373565675
1,80,0.1,full,Sigmoid(),26.8929545879364
1,90,0.001,full,ReLU(),444355.5668383789
1,90,0.001,full,Tanh(),615.8626641845703
1,90,0.001,full,Sigmoid(),683.6981530761718
1,90,0.01,full,ReLU(),581549.7672265625
1,90,0.01,full,Tanh(),26.458663854599
1,90,0.01,full,Sigmoid(),221.5136474609375
1,90,0.1,full,ReLU(),759.2504803466796
1,90,0.1,full,Tanh(),17.386057682037354
1,90,0.1,full,Sigmoid(),25.43889526844025
1,100,0.001,full,ReLU(),404772.79752288817
1,100,0.001,full,Tanh(),603.2644006347656
1,100,0.001,full,Sigmoid(),679.1435321044922
1,100,0.01,full,ReLU(),747202.8053601074
1,100,0.01,full,Tanh(),16.13706425666809
1,100,0.01,full,Sigmoid(),176.52038024902345
1,100,0.1,full,ReLU(),759.4859466552734
1,100,0.1,full,Tanh(),12.234106268882751
1,100,0.1,full,Sigmoid(),19.650480284690858
1,110,0.001,full,ReLU(),431106.1726370239
1,110,0.001,full,Tanh(),586.391494140625
1,110,0.001,full,Sigmoid(),671.1941278076172
1,110,0.01,full,ReLU(),774626.4778112792
1,110,0.01,full,Tanh(),12.202799019813538
1,110,0.01,full,Sigmoid(),152.1297762298584
1,110,0.1,full,ReLU(),762.0386151123047
1,110,0.1,full,Tanh(),18.754907779693603
1,110,0.1,full,Sigmoid(),14.992852649688722
1,120,0.001,full,ReLU(),388630.7638989258
1,120,0.001,full,Tanh(),572.8964196777343
1,120,0.001,full,Sigmoid(),661.268798828125
1,120,0.01,full,ReLU(),1111913.3934432983
1,120,0.01,full,Tanh(),13.065807418823242
1,120,0.01,full,Sigmoid(),126.54353946685791
1,120,0.1,full,ReLU(),766.9872869873047
1,120,0.1,full,Tanh(),27.014557552337646
1,120,0.1,full,Sigmoid(),15.818992466926575
1,130,0.001,full,ReLU(),302154.492255249
1,130,0.001,full,Tanh(),562.2169927978516
1,130,0.001,full,Sigmoid(),657.4246490478515
1,130,0.01,full,ReLU(),1223179.0090679931
1,130,0.01,full,Tanh(),16.70923261642456
1,130,0.01,full,Sigmoid(),97.59225883483887
1,130,0.1,full,ReLU(),764.8505206298828
1,130,0.1,full,Tanh(),28.683980598449708
1,130,0.1,full,Sigmoid(),19.968325972557068
1,140,0.001,full,ReLU(),325970.4338446045
1,140,0.001,full,Tanh(),553.83521484375
1,140,0.001,full,Sigmoid(),649.0917071533203
1,140,0.01,full,ReLU(),1235793.4677630616
1,140,0.01,full,Tanh(),22.138491611480713
1,140,0.01,full,Sigmoid(),73.91443454742432
1,140,0.1,full,ReLU(),761.9103228759766
1,140,0.1,full,Tanh(),21.880856590270994
1,140,0.1,full,Sigmoid(),25.295149936676026
1,150,0.001,full,ReLU(),385250.94285583496
1,150,0.001,full,Tanh(),531.5486795043945
1,150,0.001,full,Sigmoid(),644.3484332275391
1,150,0.01,full,ReLU(),1282593.3863876343
1,150,0.01,full,Tanh(),27.07346382141113
1,150,0.01,full,Sigmoid(),60.52635593414307
1,150,0.1,full,ReLU(),762.6114575195312
1,150,0.1,full,Tanh(),14.569539904594421
1,150,0.1,full,Sigmoid(),26.794052448272705
1,160,0.001,full,ReLU(),308966.27922332764
1,160,0.001,full,Tanh(),521.0516885375977
1,160,0.001,full,Sigmoid(),633.1300189208985
1,160,0.01,full,ReLU(),1689208.692449951
1,160,0.01,full,Tanh(),31.44759328842163
1,160,0.01,full,Sigmoid(),47.59270481109619
1,160,0.1,full,ReLU(),761.4969006347657
1,160,0.1,full,Tanh(),12.487927808761597
1,160,0.1,full,Sigmoid(),25.39239517211914
1,170,0.001,full,ReLU(),361002.16349731444
1,170,0.001,full,Tanh(),508.6397259521484
1,170,0.001,full,Sigmoid(),626.3554113769532
1,170,0.01,full,ReLU(),1879020.4008764648
1,170,0.01,full,Tanh(),34.240713138580325
1,170,0.01,full,Sigmoid(),36.95347338676453
1,170,0.1,full,ReLU(),762.0419763183594
1,170,0.1,full,Tanh(),16.604987845420837
1,170,0.1,full,Sigmoid(),22.32042163848877
1,180,0.001,full,ReLU(),360783.4195516968
1,180,0.001,full,Tanh(),500.7984240722656
1,180,0.001,full,Sigmoid(),622.8097302246093
1,180,0.01,full,ReLU(),1773680.4146533203
1,180,0.01,full,Tanh(),35.56995515823364
1,180,0.01,full,Sigmoid(),25.986812744140625
1,180,0.1,full,ReLU(),759.0348016357422
1,180,0.1,full,Tanh(),23.84552785873413
1,180,0.1,full,Sigmoid(),18.64542088985443
1,190,0.001,full,ReLU(),479656.4086779785
1,190,0.001,full,Tanh(),481.0734356689453
1,190,0.001,full,Sigmoid(),610.2999774169922
1,190,0.01,full,ReLU(),2198836.699906616
1,190,0.01,full,Tanh(),35.20451198577881
1,190,0.01,full,Sigmoid(),21.13126606941223
1,190,0.1,full,ReLU(),761.9792126464844
1,190,0.1,full,Tanh(),29.47555112838745
1,190,0.1,full,Sigmoid(),16.331547298431396
1,200,0.001,full,ReLU(),351459.6029309082
1,200,0.001,full,Tanh(),466.94169982910154
1,200,0.001,full,Sigmoid(),602.3960467529297
1,200,0.01,full,ReLU(),2506313.045703125
1,200,0.01,full,Tanh(),33.97341611862183
1,200,0.01,full,Sigmoid(),17.318428354263304
1,200,0.1,full,ReLU(),761.2963006591797
1,200,0.1,full,Tanh(),29.40623233795166
1,200,0.1,full,Sigmoid(),15.03899549484253
2,10,0.001,full,ReLU(),2426233.192817993
2,10,0.001,full,Tanh(),740.607036743164
2,10,0.001,full,Sigmoid(),751.4661889648437
2,10,0.01,full,ReLU(),120779.1498160553
2,10,0.01,full,Tanh(),594.3438275146484
2,10,0.01,full,Sigmoid(),667.9603161621094
2,10,0.1,full,ReLU(),759.377230834961
2,10,0.1,full,Tanh(),12.324310092926025
2,10,0.1,full,Sigmoid(),144.2637194633484
2,20,0.001,full,ReLU(),1823921.8822766114
2,20,0.001,full,Tanh(),726.48107421875
2,20,0.001,full,Sigmoid(),736.6800982666016
2,20,0.01,full,ReLU(),219755.25657165528
2,20,0.01,full,Tanh(),461.8436547851563
2,20,0.01,full,Sigmoid(),594.5525094604492
2,20,0.1,full,ReLU(),757.7084515380859
2,20,0.1,full,Tanh(),31.489167747497557
2,20,0.1,full,Sigmoid(),25.633341360092164
2,30,0.001,full,ReLU(),382422.75017944333
2,30,0.001,full,Tanh(),708.5832220458984
2,30,0.001,full,Sigmoid(),735.564955444336
2,30,0.01,full,ReLU(),297809.8630438232
2,30,0.01,full,Tanh(),352.7688848876953
2,30,0.01,full,Sigmoid(),523.7058422851562
2,30,0.1,full,ReLU(),763.1447186279297
2,30,0.1,full,Tanh(),13.548586850166322
2,30,0.1,full,Sigmoid(),28.180350584983827
2,40,0.001,full,ReLU(),414739.14659057616
2,40,0.001,full,Tanh(),690.971240234375
2,40,0.001,full,Sigmoid(),729.442017211914
2,40,0.01,full,ReLU(),390514.0550576782
2,40,0.01,full,Tanh(),256.06919204711915
2,40,0.01,full,Sigmoid(),470.0423394775391
2,40,0.1,full,ReLU(),761.0739758300781
2,40,0.1,full,Tanh(),30.57315029144287
2,40,0.1,full,Sigmoid(),29.708578147888183
2,50,0.001,full,ReLU(),373249.31170715333
2,50,0.001,full,Tanh(),675.0687194824219
2,50,0.001,full,Sigmoid(),719.555166015625
2,50,0.01,full,ReLU(),412478.5391265869
2,50,0.01,full,Tanh(),181.73228881835936
2,50,0.01,full,Sigmoid(),404.96948303222655
2,50,0.1,full,ReLU(),763.0299273681641
2,50,0.1,full,Tanh(),18.5829109954834
2,50,0.1,full,Sigmoid(),17.953915257453918
2,60,0.001,full,ReLU(),442987.8161236572
2,60,0.001,full,Tanh(),661.7183557128906
2,60,0.001,full,Sigmoid(),707.7632421875
2,60,0.01,full,ReLU(),554623.6991333008
2,60,0.01,full,Tanh(),122.54796165466308
2,60,0.01,full,Sigmoid(),345.7877276611328
2,60,0.1,full,ReLU(),757.5717248535157
2,60,0.1,full,Tanh(),13.350736045837403
2,60,0.1,full,Sigmoid(),16.989090147018434
2,70,0.001,full,ReLU(),511516.7129156494
2,70,0.001,full,Tanh(),645.9464831542969
2,70,0.001,full,Sigmoid(),701.0244030761719
2,70,0.01,full,ReLU(),456898.28987304686
2,70,0.01,full,Tanh(),76.90480735778809
2,70,0.01,full,Sigmoid(),306.41219604492187
2,70,0.1,full,ReLU(),766.376884765625
2,70,0.1,full,Tanh(),25.606498222351075
2,70,0.1,full,Sigmoid(),23.154473476409912
2,80,0.001,full,ReLU(),351758.7378375244
2,80,0.001,full,Tanh(),629.595947265625
2,80,0.001,full,Sigmoid(),695.2598480224609
2,80,0.01,full,ReLU(),761947.7371624756
2,80,0.01,full,Tanh(),47.24615879058838
2,80,0.01,full,Sigmoid(),258.1753532409668
2,80,0.1,full,ReLU(),761.3760192871093
2,80,0.1,full,Tanh(),27.531652011871337
2,80,0.1,full,Sigmoid(),27.199283905029297
2,90,0.001,full,ReLU(),294729.3223358154
2,90,0.001,full,Tanh(),620.6148205566407
2,90,0.001,full,Sigmoid(),684.9035827636719
2,90,0.01,full,ReLU(),758664.7050726318
2,90,0.01,full,Tanh(),26.89453454017639
2,90,0.01,full,Sigmoid(),217.34199462890626
2,90,0.1,full,ReLU(),764.6324426269531
2,90,0.1,full,Tanh(),17.252251434326173
2,90,0.1,full,Sigmoid(),25.154407930374145
2,100,0.001,full,ReLU(),365416.1096777344
2,100,0.001,full,Tanh(),601.8525903320312
2,100,0.001,full,Sigmoid(),675.3056060791016
2,100,0.01,full,ReLU(),731523.7791534424
2,100,0.01,full,Tanh(),15.969914903640747
2,100,0.01,full,Sigmoid(),189.43664299011232
2,100,0.1,full,ReLU(),758.3963305664063
2,100,0.1,full,Tanh(),12.189082088470458
2,100,0.1,full,Sigmoid(),19.26803234100342
2,110,0.001,full,ReLU(),362882.41138183593
2,110,0.001,full,Tanh(),595.0986340332031
2,110,0.001,full,Sigmoid(),668.7951904296875
2,110,0.01,full,ReLU(),888756.9259002686
2,110,0.01,full,Tanh(),12.115873937606812
2,110,0.01,full,Sigmoid(),153.86084808349608
2,110,0.1,full,ReLU(),756.5819610595703
2,110,0.1,full,Tanh(),18.295030927658082
2,110,0.1,full,Sigmoid(),15.672008490562439
2,120,0.001,full,ReLU(),374582.5554174805
2,120,0.001,full,Tanh(),575.7829650878906
2,120,0.001,full,Sigmoid(),666.3466253662109
2,120,0.01,full,ReLU(),1058608.8613146972
2,120,0.01,full,Tanh(),13.051264243125916
2,120,0.01,full,Sigmoid(),117.4319947052002
2,120,0.1,full,ReLU(),765.751015625
2,120,0.1,full,Tanh(),27.323306694030762
2,120,0.1,full,Sigmoid(),16.63647472381592
2,130,0.001,full,ReLU(),365416.68823272706
2,130,0.001,full,Tanh(),563.6073544311523
2,130,0.001,full,Sigmoid(),651.3406536865234
2,130,0.01,full,ReLU(),1088539.4787888336
2,130,0.01,full,Tanh(),16.77713207244873
2,130,0.01,full,Sigmoid(),99.92278602600098
2,130,0.1,full,ReLU(),760.2722131347656
2,130,0.1,full,Tanh(),28.46127944946289
2,130,0.1,full,Sigmoid(),19.141786732673644
2,140,0.001,full,ReLU(),461573.4061981201
2,140,0.001,full,Tanh(),544.5134024047852
2,140,0.001,full,Sigmoid(),647.3749401855468
2,140,0.01,full,ReLU(),1221812.0658322144
2,140,0.01,full,Tanh(),22.053796253204347
2,140,0.01,full,Sigmoid(),80.61846839904786
2,140,0.1,full,ReLU(),763.8924835205078
2,140,0.1,full,Tanh(),21.83780047416687
2,140,0.1,full,Sigmoid(),23.765439720153807
2,150,0.001,full,ReLU(),489774.2863998413
2,150,0.001,full,Tanh(),533.8509970092773
2,150,0.001,full,Sigmoid(),640.3240869140625
2,150,0.01,full,ReLU(),1488986.6920898438
2,150,0.01,full,Tanh(),26.99094608306885
2,150,0.01,full,Sigmoid(),63.92646022796631
2,150,0.1,full,ReLU(),762.9384802246094
2,150,0.1,full,Tanh(),14.443838205337524
2,150,0.1,full,Sigmoid(),26.464036931991576
2,160,0.001,full,ReLU(),356465.960713501
2,160,0.001,full,Tanh(),520.3640655517578
2,160,0.001,full,Sigmoid(),633.5071307373047
2,160,0.01,full,ReLU(),1769346.55453125
2,160,0.01,full,Tanh(),31.4381982421875
2,160,0.01,full,Sigmoid(),47.49571632385254
2,160,0.1,full,ReLU(),760.4643005371094
2,160,0.1,full,Tanh(),12.59526409626007
2,160,0.1,full,Sigmoid(),25.42240689277649
2,170,0.001,full,ReLU(),364579.29826171877
2,170,0.001,full,Tanh(),506.6764633178711
2,170,0.001,full,Sigmoid(),626.9862744140624
2,170,0.01,full,ReLU(),1948946.4121289062
2,170,0.01,full,Tanh(),34.304774112701416
2,170,0.01,full,Sigmoid(),37.55749732017517
2,170,0.1,full,ReLU(),759.9092919921875
2,170,0.1,full,Tanh(),17.119340105056764
2,170,0.1,full,Sigmoid(),21.61142463684082
2,180,0.001,full,ReLU(),320465.81356506346
2,180,0.001,full,Tanh(),492.2768273925781
2,180,0.001,full,Sigmoid(),620.6005255126953
2,180,0.01,full,ReLU(),2057899.3508166503
2,180,0.01,full,Tanh(),35.53775358200073
2,180,0.01,full,Sigmoid(),28.890359392166136
2,180,0.1,full,ReLU(),764.6195501708985
2,180,0.1,full,Tanh(),24.09073621749878
2,180,0.1,full,Sigmoid(),17.24737755775452
2,190,0.001,full,ReLU(),343914.77948059083
2,190,0.001,full,Tanh(),483.7215579223633
2,190,0.001,full,Sigmoid(),608.0290692138672
2,190,0.01,full,ReLU(),2316356.589394531
2,190,0.01,full,Tanh(),35.335606746673584
2,190,0.01,full,Sigmoid(),22.895496497154237
2,190,0.1,full,ReLU(),762.0901794433594
2,190,0.1,full,Tanh(),29.26535318374634
2,190,0.1,full,Sigmoid(),15.116989412307738
2,200,0.001,full,ReLU(),576432.5123059083
2,200,0.001,full,Tanh(),469.3681509399414
2,200,0.001,full,Sigmoid(),606.0248120117187
2,200,0.01,full,ReLU(),2266918.1491540526
2,200,0.01,full,Tanh(),33.63475589752197
2,200,0.01,full,Sigmoid(),16.355427269935607
2,200,0.1,full,ReLU(),756.9015356445312
2,200,0.1,full,Tanh(),29.588588886260986
2,200,0.1,full,Sigmoid(),14.706174731254578
3,10,0.001,full,ReLU(),162991.8463221359
3,10,0.001,full,Tanh(),730.6410418701172
3,10,0.001,full,Sigmoid(),746.7772924804688
3,10,0.01,full,ReLU(),7829.8523343276975
3,10,0.01,full,Tanh(),553.0415466308593
3,10,0.01,full,Sigmoid(),625.3528857421875
3,10,0.1,full,ReLU(),618.6679461860657
3,10,0.1,full,Tanh(),12.21625114440918
3,10,0.1,full,Sigmoid(),14.077612071037292
3,20,0.001,full,ReLU(),61418.648907489776
3,20,0.001,full,Tanh(),692.7764233398437
3,20,0.001,full,Sigmoid(),732.6368572998047
3,20,0.01,full,ReLU(),14290.34496032715
3,20,0.01,full,Tanh(),400.8426525878906
3,20,0.01,full,Sigmoid(),502.2385534667969
3,20,0.1,full,ReLU(),270.5126141691208
3,20,0.1,full,Tanh(),32.35173038482666
3,20,0.1,full,Sigmoid(),27.286974687576294
3,30,0.001,full,ReLU(),39468.96228153229
3,30,0.001,full,Tanh(),648.4547760009766
3,30,0.001,full,Sigmoid(),719.6948571777343
3,30,0.01,full,ReLU(),16188.913063735961
3,30,0.01,full,Tanh(),284.63423873901365
3,30,0.01,full,Sigmoid(),398.12168212890623
3,30,0.1,full,ReLU(),1047.1824497032167
3,30,0.1,full,Tanh(),12.998736672401428
3,30,0.1,full,Sigmoid(),14.501448693275451
3,40,0.001,full,ReLU(),49257.570623016356
3,40,0.001,full,Tanh(),606.2525079345703
3,40,0.001,full,Sigmoid(),704.1584155273438
3,40,0.01,full,ReLU(),16559.941007881163
3,40,0.01,full,Tanh(),195.69641830444337
3,40,0.01,full,Sigmoid(),303.1706524658203
3,40,0.1,full,ReLU(),1036.8312456321717
3,40,0.1,full,Tanh(),30.10975051879883
3,40,0.1,full,Sigmoid(),18.18461404800415
3,50,0.001,full,ReLU(),40952.490257034304
3,50,0.001,full,Tanh(),566.0489984130859
3,50,0.001,full,Sigmoid(),686.0890191650391
3,50,0.01,full,ReLU(),16780.2439535141
3,50,0.01,full,Tanh(),124.57058937072753
3,50,0.01,full,Sigmoid(),234.20510513305663
3,50,0.1,full,ReLU(),104.84054967880249
3,50,0.1,full,Tanh(),20.207670488357543
3,50,0.1,full,Sigmoid(),22.485772790908815
3,60,0.001,full,ReLU(),52976.56935447693
3,60,0.001,full,Tanh(),530.7188864135742
3,60,0.001,full,Sigmoid(),667.8636968994141
3,60,0.01,full,ReLU(),19040.08591812134
3,60,0.01,full,Tanh(),76.79858772277832
3,60,0.01,full,Sigmoid(),178.89717193603516
3,60,0.1,full,ReLU(),81.30132351398468
3,60,0.1,full,Tanh(),13.00978338241577
3,60,0.1,full,Sigmoid(),21.93278567314148
3,70,0.001,full,ReLU(),45745.64056488037
3,70,0.001,full,Tanh(),499.42780700683596
3,70,0.001,full,Sigmoid(),650.2282275390625
3,70,0.01,full,ReLU(),15851.306740264892
3,70,0.01,full,Tanh(),43.470837917327884
3,70,0.01,full,Sigmoid(),130.47619773864747
3,70,0.1,full,ReLU(),88.99957513809204
3,70,0.1,full,Tanh(),23.60870087623596
3,70,0.1,full,Sigmoid(),19.764726948738097
3,80,0.001,full,ReLU(),59615.97517242432
3,80,0.001,full,Tanh(),472.34323455810545
3,80,0.001,full,Sigmoid(),634.0240447998046
3,80,0.01,full,ReLU(),28423.75823425293
3,80,0.01,full,Tanh(),23.131213073730468
3,80,0.01,full,Sigmoid(),89.84821716308593
3,80,0.1,full,ReLU(),68.66618563175201
3,80,0.1,full,Tanh(),26.80070812225342
3,80,0.1,full,Sigmoid(),17.103058180809022
3,90,0.001,full,ReLU(),48898.413489990235
3,90,0.001,full,Tanh(),445.5462649536133
3,90,0.001,full,Sigmoid(),610.1167663574219
3,90,0.01,full,ReLU(),18066.846657733917
3,90,0.01,full,Tanh(),13.920566363334656
3,90,0.01,full,Sigmoid(),67.68617626190185
3,90,0.1,full,ReLU(),80.59687312602996
3,90,0.1,full,Tanh(),17.25395146846771
3,90,0.1,full,Sigmoid(),15.401463170051574
3,100,0.001,full,ReLU(),69634.75063674926
3,100,0.001,full,Tanh(),421.4995016479492
3,100,0.001,full,Sigmoid(),598.8650518798828
3,100,0.01,full,ReLU(),19657.179819259643
3,100,0.01,full,Tanh(),11.948583917617798
3,100,0.01,full,Sigmoid(),45.83326955795288
3,100,0.1,full,ReLU(),73.05682690620422
3,100,0.1,full,Tanh(),13.103803005218506
3,100,0.1,full,Sigmoid(),16.403013167381285
3,110,0.001,full,ReLU(),49652.1862902832
3,110,0.001,full,Tanh(),402.8551348876953
3,110,0.001,full,Sigmoid(),584.3144653320312
3,110,0.01,full,ReLU(),17584.471870956422
3,110,0.01,full,Tanh(),14.40224778175354
3,110,0.01,full,Sigmoid(),30.836707849502563
3,110,0.1,full,ReLU(),64.24296592712402
3,110,0.1,full,Tanh(),18.376572170257568
3,110,0.1,full,Sigmoid(),19.656050462722778
3,120,0.001,full,ReLU(),68894.72118591309
3,120,0.001,full,Tanh(),378.88459075927733
3,120,0.001,full,Sigmoid(),566.8747775268555
3,120,0.01,full,ReLU(),16092.963864517213
3,120,0.01,full,Tanh(),19.030261716842652
3,120,0.01,full,Sigmoid(),21.883433380126952
3,120,0.1,full,ReLU(),78.75611513137818
3,120,0.1,full,Tanh(),24.93243766784668
3,120,0.1,full,Sigmoid(),20.818716773986818
3,130,0.001,full,ReLU(),85570.05411270141
3,130,0.001,full,Tanh(),359.7444064331055
3,130,0.001,full,Sigmoid(),545.2923086547852
3,130,0.01,full,ReLU(),12718.170725364685
3,130,0.01,full,Tanh(),23.751224555969237
3,130,0.01,full,Sigmoid(),15.945784740447998
3,130,0.1,full,ReLU(),72.4767654132843
3,130,0.1,full,Tanh(),24.284210472106935
3,130,0.1,full,Sigmoid(),19.96560401916504
3,140,0.001,full,ReLU(),107110.74051818848
3,140,0.001,full,Tanh(),343.65069061279297
3,140,0.001,full,Sigmoid(),529.1483163452149
3,140,0.01,full,ReLU(),12935.26605178833
3,140,0.01,full,Tanh(),27.387997131347657
3,140,0.01,full,Sigmoid(),13.050580768585204
3,140,0.1,full,ReLU(),64.4683097076416
3,140,0.1,full,Tanh(),17.806976318359375
3,140,0.1,full,Sigmoid(),16.189047427177428
3,150,0.001,full,ReLU(),88485.58993103028
3,150,0.001,full,Tanh(),323.29552337646487
3,150,0.001,full,Sigmoid(),519.7098379516601
3,150,0.01,full,ReLU(),15119.315304603577
3,150,0.01,full,Tanh(),29.32360818862915
3,150,0.01,full,Sigmoid(),13.244282388687134
3,150,0.1,full,ReLU(),63.05398368835449
3,150,0.1,full,Tanh(),14.345863599777221
3,150,0.1,full,Sigmoid(),15.534786477088929
3,160,0.001,full,ReLU(),133305.7784792328
3,160,0.001,full,Tanh(),306.26580200195315
3,160,0.001,full,Sigmoid(),505.5750427246094
3,160,0.01,full,ReLU(),10133.762950572967
3,160,0.01,full,Tanh(),29.421104850769044
3,160,0.01,full,Sigmoid(),14.116746211051941
3,160,0.1,full,ReLU(),20543.515586214067
3,160,0.1,full,Tanh(),16.49593029499054
3,160,0.1,full,Sigmoid(),15.612100901603698
3,170,0.001,full,ReLU(),129975.2441962433
3,170,0.001,full,Tanh(),290.822854309082
3,170,0.001,full,Sigmoid(),489.89225006103516
3,170,0.01,full,ReLU(),10897.60309551239
3,170,0.01,full,Tanh(),28.00277425765991
3,170,0.01,full,Sigmoid(),15.754390859603882
3,170,0.1,full,ReLU(),104367.08402476787
3,170,0.1,full,Tanh(),20.61636483192444
3,170,0.1,full,Sigmoid(),18.04211817741394
3,180,0.001,full,ReLU(),175576.71418746948
3,180,0.001,full,Tanh(),275.82638809204104
3,180,0.001,full,Sigmoid(),476.14418701171877
3,180,0.01,full,ReLU(),9905.805334587098
3,180,0.01,full,Tanh(),25.134011459350585
3,180,0.01,full,Sigmoid(),18.799684538841248
3,180,0.1,full,ReLU(),60.793226237297056
3,180,0.1,full,Tanh(),23.368470306396485
3,180,0.1,full,Sigmoid(),18.8983723115921
3,190,0.001,full,ReLU(),191513.48349952698
3,190,0.001,full,Tanh(),259.88962646484373
3,190,0.001,full,Sigmoid(),463.6248373413086
3,190,0.01,full,ReLU(),8953.848518676758
3,190,0.01,full,Tanh(),22.461238975524903
3,190,0.01,full,Sigmoid(),21.257387380599976
3,190,0.1,full,ReLU(),2070897.8138309289
3,190,0.1,full,Tanh(),23.258236122131347
3,190,0.1,full,Sigmoid(),19.60935980796814
3,200,0.001,full,ReLU(),210530.9067918396
3,200,0.001,full,Tanh(),247.48299911499024
3,200,0.001,full,Sigmoid(),451.4566677856445
3,200,0.01,full,ReLU(),8493.176688270569
3,200,0.01,full,Tanh(),18.785961942672728
3,200,0.01,full,Sigmoid(),23.666208343505858
3,200,0.1,full,ReLU(),52.963448972702025
3,200,0.1,full,Tanh(),17.692091045379637
3,200,0.1,full,Sigmoid(),17.018650751113892
4,10,0.001,full,ReLU(),12356.802679100037
4,10,0.001,full,Tanh(),732.2161474609375
4,10,0.001,full,Sigmoid(),747.7479663085937
4,10,0.01,full,ReLU(),573.0543032455445
4,10,0.01,full,Tanh(),540.8037722778321
4,10,0.01,full,Sigmoid(),620.5600482177734
4,10,0.1,full,ReLU(),407.778535990715
4,10,0.1,full,Tanh(),12.091401147842408
4,10,0.1,full,Sigmoid(),15.741094946861267
4,20,0.001,full,ReLU(),3940.2058472824096
4,20,0.001,full,Tanh(),691.1388122558594
4,20,0.001,full,Sigmoid(),733.7937103271485
4,20,0.01,full,ReLU(),543.9119450473786
4,20,0.01,full,Tanh(),391.49016815185547
4,20,0.01,full,Sigmoid(),493.87642486572264
4,20,0.1,full,ReLU(),259.0298299074173
4,20,0.1,full,Tanh(),31.405228862762453
4,20,0.1,full,Sigmoid(),30.26800064086914
4,30,0.001,full,ReLU(),3108.2969482040407
4,30,0.001,full,Tanh(),645.9581268310546
4,30,0.001,full,Sigmoid(),716.2944946289062
4,30,0.01,full,ReLU(),788.0872031402588
4,30,0.01,full,Tanh(),277.42691314697265
4,30,0.01,full,Sigmoid(),393.04728057861325
4,30,0.1,full,ReLU(),74.20412395477295
4,30,0.1,full,Tanh(),14.899936308860779
4,30,0.1,full,Sigmoid(),14.948115000724792
4,40,0.001,full,ReLU(),4659.380219116211
4,40,0.001,full,Tanh(),599.6449530029297
4,40,0.001,full,Sigmoid(),694.8404418945313
4,40,0.01,full,ReLU(),1112.863957004547
4,40,0.01,full,Tanh(),187.0856706237793
4,40,0.01,full,Sigmoid(),315.86175720214845
4,40,0.1,full,ReLU(),44.59320925235748
4,40,0.1,full,Tanh(),28.90027547836304
4,40,0.1,full,Sigmoid(),18.02907573223114
4,50,0.001,full,ReLU(),3771.463751411438
4,50,0.001,full,Tanh(),559.1772613525391
4,50,0.001,full,Sigmoid(),681.382021484375
4,50,0.01,full,ReLU(),1014.5261732292175
4,50,0.01,full,Tanh(),120.11819229125976
4,50,0.01,full,Sigmoid(),250.66896987915038
4,50,0.1,full,ReLU(),39.838442044258116
4,50,0.1,full,Tanh(),15.038096103668213
4,50,0.1,full,Sigmoid(),23.132507362365722
4,60,0.001,full,ReLU(),5023.060616035462
4,60,0.001,full,Tanh(),522.6533746337891
4,60,0.001,full,Sigmoid(),653.0669213867187
4,60,0.01,full,ReLU(),996.9052112960816
4,60,0.01,full,Tanh(),71.41884517669678
4,60,0.01,full,Sigmoid(),188.51393615722657
4,60,0.1,full,ReLU(),37.71254691123963
4,60,0.1,full,Tanh(),17.88642601966858
4,60,0.1,full,Sigmoid(),20.5254643535614
4,70,0.001,full,ReLU(),7201.339726028443
4,70,0.001,full,Tanh(),492.3467791748047
4,70,0.001,full,Sigmoid(),635.8472119140625
4,70,0.01,full,ReLU(),781.3631538581848
4,70,0.01,full,Tanh(),40.101017761230466
4,70,0.01,full,Sigmoid(),153.18997283935548
4,70,0.1,full,ReLU(),44.1701331949234
4,70,0.1,full,Tanh(),23.09808548927307
4,70,0.1,full,Sigmoid(),17.412795877456666
4,80,0.001,full,ReLU(),5749.384460029602
4,80,0.001,full,Tanh(),462.1964935302734
4,80,0.001,full,Sigmoid(),614.5452331542969
4,80,0.01,full,ReLU(),1813.1201908493042
4,80,0.01,full,Tanh(),21.1808664226532
4,80,0.01,full,Sigmoid(),114.01394687652588
4,80,0.1,full,ReLU(),361.146977891922
4,80,0.1,full,Tanh(),15.034344162940979
4,80,0.1,full,Sigmoid(),15.302296161651611
4,90,0.001,full,ReLU(),7490.634679069519
4,90,0.001,full,Tanh(),439.5124224853516
4,90,0.001,full,Sigmoid(),596.3043988037109
4,90,0.01,full,ReLU(),1018.7550584220886
4,90,0.01,full,Tanh(),13.072024765014648
4,90,0.01,full,Sigmoid(),87.21979393005371
4,90,0.1,full,ReLU(),27.684529156684874
4,90,0.1,full,Tanh(),15.466488695144653
4,90,0.1,full,Sigmoid(),16.051365623474123
4,100,0.001,full,ReLU(),8685.958174552918
4,100,0.001,full,Tanh(),415.92122955322264
4,100,0.001,full,Sigmoid(),575.2020104980469
4,100,0.01,full,ReLU(),1190.4515061950683
4,100,0.01,full,Tanh(),12.16355776309967
4,100,0.01,full,Sigmoid(),62.148329944610595
4,100,0.1,full,ReLU(),28.049542450904845
4,100,0.1,full,Tanh(),19.33088990211487
4,100,0.1,full,Sigmoid(),17.51438507556915
4,110,0.001,full,ReLU(),6640.99057636261
4,110,0.001,full,Tanh(),391.6069369506836
4,110,0.001,full,Sigmoid(),555.4043383789062
4,110,0.01,full,ReLU(),1287.1591448020936
4,110,0.01,full,Tanh(),15.45049988746643
4,110,0.01,full,Sigmoid(),42.102396183013916
4,110,0.1,full,ReLU(),222.71585825920104
4,110,0.1,full,Tanh(),15.764477472305298
4,110,0.1,full,Sigmoid(),19.894364686012267
4,120,0.001,full,ReLU(),10030.551040534972
4,120,0.001,full,Tanh(),368.73217315673827
4,120,0.001,full,Sigmoid(),539.1139511108398
4,120,0.01,full,ReLU(),1569.7187636566161
4,120,0.01,full,Tanh(),20.466375513076784
4,120,0.01,full,Sigmoid(),31.964835262298585
4,120,0.1,full,ReLU(),26.747824788093567
4,120,0.1,full,Tanh(),14.073277978897094
4,120,0.1,full,Sigmoid(),20.899742355346678
4,130,0.001,full,ReLU(),8578.331938114166
4,130,0.001,full,Tanh(),352.4105505371094
4,130,0.001,full,Sigmoid(),523.3093502807617
4,130,0.01,full,ReLU(),1359.5006133461
4,130,0.01,full,Tanh(),25.156130657196044
4,130,0.01,full,Sigmoid(),21.2726305770874
4,130,0.1,full,ReLU(),28.79661005973816
4,130,0.1,full,Tanh(),15.922755274772644
4,130,0.1,full,Sigmoid(),18.76794053077698
4,140,0.001,full,ReLU(),7609.18522808075
4,140,0.001,full,Tanh(),331.71476501464844
4,140,0.001,full,Sigmoid(),509.7082095336914
4,140,0.01,full,ReLU(),1254.1825397872924
4,140,0.01,full,Tanh(),28.602688159942627
4,140,0.01,full,Sigmoid(),16.018228693008425
4,140,0.1,full,ReLU(),28.338253755569458
4,140,0.1,full,Tanh(),14.500925736427307
4,140,0.1,full,Sigmoid(),17.332335042953492
4,150,0.001,full,ReLU(),12203.747667922973
4,150,0.001,full,Tanh(),314.89356414794923
4,150,0.001,full,Sigmoid(),495.058974609375
4,150,0.01,full,ReLU(),1299.8099043273926
4,150,0.01,full,Tanh(),29.96867557525635
4,150,0.01,full,Sigmoid(),14.14609146118164
4,150,0.1,full,ReLU(),26.936366987228393
4,150,0.1,full,Tanh(),13.869467940330505
4,150,0.1,full,Sigmoid(),14.528263869285583
4,160,0.001,full,ReLU(),11325.161076507567
4,160,0.001,full,Tanh(),297.1523930358887
4,160,0.001,full,Sigmoid(),481.1352651977539
4,160,0.01,full,ReLU(),1932.44196931839
4,160,0.01,full,Tanh(),29.57678665161133
4,160,0.01,full,Sigmoid(),12.824136486053467
4,160,0.1,full,ReLU(),26.730296330451964
4,160,0.1,full,Tanh(),13.949061217308044
4,160,0.1,full,Sigmoid(),15.431235728263855
4,170,0.001,full,ReLU(),10637.536829109193
4,170,0.001,full,Tanh(),281.00768890380857
4,170,0.001,full,Sigmoid(),468.07876953125
4,170,0.01,full,ReLU(),1980.7478521728515
4,170,0.01,full,Tanh(),27.524427700042725
4,170,0.01,full,Sigmoid(),13.808547296524047
4,170,0.1,full,ReLU(),930.5366716432571
4,170,0.1,full,Tanh(),13.470316834449768
4,170,0.1,full,Sigmoid(),17.236354370117187
4,180,0.001,full,ReLU(),10805.878250312806
4,180,0.001,full,Tanh(),265.6559005737305
4,180,0.001,full,Sigmoid(),455.2264135742187
4,180,0.01,full,ReLU(),2058.9018365859984
4,180,0.01,full,Tanh(),24.39521427154541
4,180,0.01,full,Sigmoid(),15.636939177513122
4,180,0.1,full,ReLU(),288778.76510414126
4,180,0.1,full,Tanh(),13.421432514190673
4,180,0.1,full,Sigmoid(),19.358751287460326
4,190,0.001,full,ReLU(),12454.2043384552
4,190,0.001,full,Tanh(),251.56756134033202
4,190,0.001,full,Sigmoid(),444.9701449584961
4,190,0.01,full,ReLU(),1646.7062990951538
4,190,0.01,full,Tanh(),20.700642538070678
4,190,0.01,full,Sigmoid(),17.818893661499022
4,190,0.1,full,ReLU(),26.531444044113158
4,190,0.1,full,Tanh(),12.795317964553833
4,190,0.1,full,Sigmoid(),19.007435359954833
4,200,0.001,full,ReLU(),13831.689881973267
4,200,0.001,full,Tanh(),239.4638491821289
4,200,0.001,full,Sigmoid(),434.5785418701172
4,200,0.01,full,ReLU(),2524.546558170319
4,200,0.01,full,Tanh(),17.52540602684021
4,200,0.01,full,Sigmoid(),20.420213832855225
4,200,0.1,full,ReLU(),32.86918511390686
4,200,0.1,full,Tanh(),13.230696821212769
4,200,0.1,full,Sigmoid(),18.25270270347595
5,10,0.001,full,ReLU(),2312.1457917022703
5,10,0.001,full,Tanh(),734.3683734130859
5,10,0.001,full,Sigmoid(),747.4801940917969
5,10,0.01,full,ReLU(),125.11872278213501
5,10,0.01,full,Tanh(),542.0313403320313
5,10,0.01,full,Sigmoid(),604.9265533447266
5,10,0.1,full,ReLU(),283.36641584396364
5,10,0.1,full,Tanh(),11.989607706069947
5,10,0.1,full,Sigmoid(),15.473757705688477
5,20,0.001,full,ReLU(),629.0756143760681
5,20,0.001,full,Tanh(),694.8570404052734
5,20,0.001,full,Sigmoid(),729.9508111572266
5,20,0.01,full,ReLU(),104.48022685050964
5,20,0.01,full,Tanh(),388.77251190185547
5,20,0.01,full,Sigmoid(),496.4679852294922
5,20,0.1,full,ReLU(),476904.79645190237
5,20,0.1,full,Tanh(),32.620731048583984
5,20,0.1,full,Sigmoid(),29.794465074539186
5,30,0.001,full,ReLU(),604.574253025055
5,30,0.001,full,Tanh(),645.1603265380859
5,30,0.001,full,Sigmoid(),716.1564654541015
5,30,0.01,full,ReLU(),179.866471824646
5,30,0.01,full,Tanh(),273.22382904052733
5,30,0.01,full,Sigmoid(),398.4631942749023
5,30,0.1,full,ReLU(),69.19376548290252
5,30,0.1,full,Tanh(),15.099652161598206
5,30,0.1,full,Sigmoid(),15.311758246421814
5,40,0.001,full,ReLU(),515.512664604187
5,40,0.001,full,Tanh(),597.4157238769532
5,40,0.001,full,Sigmoid(),696.5134436035156
5,40,0.01,full,ReLU(),178.47585594177247
5,40,0.01,full,Tanh(),184.52787948608398
5,40,0.01,full,Sigmoid(),311.1847898864746
5,40,0.1,full,ReLU(),40.54320633888245
5,40,0.1,full,Tanh(),26.3009885597229
5,40,0.1,full,Sigmoid(),18.43534317970276
5,50,0.001,full,ReLU(),385.27406227111817
5,50,0.001,full,Tanh(),554.893832397461
5,50,0.001,full,Sigmoid(),676.3268231201172
5,50,0.01,full,ReLU(),206.66740064620973
5,50,0.01,full,Tanh(),118.44082176208497
5,50,0.01,full,Sigmoid(),248.45162765502928
5,50,0.1,full,ReLU(),35.736354207992555
5,50,0.1,full,Tanh(),18.759216284751894
5,50,0.1,full,Sigmoid(),22.68559401512146
5,60,0.001,full,ReLU(),380.17481534957886
5,60,0.001,full,Tanh(),514.9730172729492
5,60,0.001,full,Sigmoid(),650.2447161865234
5,60,0.01,full,ReLU(),240.23088251113893
5,60,0.01,full,Tanh(),70.38727130889893
5,60,0.01,full,Sigmoid(),194.928623046875
5,60,0.1,full,ReLU(),32.87322952270508
5,60,0.1,full,Tanh(),18.41916256427765
5,60,0.1,full,Sigmoid(),20.25368532180786
5,70,0.001,full,ReLU(),524.7835313415527
5,70,0.001,full,Tanh(),483.97143981933596
5,70,0.001,full,Sigmoid(),633.5258868408204
5,70,0.01,full,ReLU(),245.84250873565674
5,70,0.01,full,Tanh(),39.084817218780515
5,70,0.01,full,Sigmoid(),150.56512924194337
5,70,0.1,full,ReLU(),42.31252565383911
5,70,0.1,full,Tanh(),23.025288639068602
5,70,0.1,full,Sigmoid(),17.656034030914306
5,80,0.001,full,ReLU(),542.5679621505737
5,80,0.001,full,Tanh(),459.3671044921875
5,80,0.001,full,Sigmoid(),608.1169549560547
5,80,0.01,full,ReLU(),319.45111442565917
5,80,0.01,full,Tanh(),20.805405015945436
5,80,0.01,full,Sigmoid(),118.60585037231445
5,80,0.1,full,ReLU(),37.495932669639586
5,80,0.1,full,Tanh(),19.058377771377565
5,80,0.1,full,Sigmoid(),14.595682106018067
5,90,0.001,full,ReLU(),464.6921575164795
5,90,0.001,full,Tanh(),431.26286529541017
5,90,0.001,full,Sigmoid(),590.5123724365235
5,90,0.01,full,ReLU(),278.5919943237305
5,90,0.01,full,Tanh(),12.998536338806153
5,90,0.01,full,Sigmoid(),84.68737648010254
5,90,0.1,full,ReLU(),41.302786407470705
5,90,0.1,full,Tanh(),16.074876337051393
5,90,0.1,full,Sigmoid(),15.538007917404174
5,100,0.001,full,ReLU(),592.1385815620422
5,100,0.001,full,Tanh(),408.9041998291016
5,100,0.001,full,Sigmoid(),571.4819213867188
5,100,0.01,full,ReLU(),236.77345882415773
5,100,0.01,full,Tanh(),12.295248241424561
5,100,0.01,full,Sigmoid(),61.95625009536743
5,100,0.1,full,ReLU(),11780170.765068088
5,100,0.1,full,Tanh(),21.369201612472533
5,100,0.1,full,Sigmoid(),17.019582982063294
5,110,0.001,full,ReLU(),680.8052014160156
5,110,0.001,full,Tanh(),389.5185696411133
5,110,0.001,full,Sigmoid(),554.530690612793
5,110,0.01,full,ReLU(),208.22142253875734
5,110,0.01,full,Tanh(),15.56995849609375
5,110,0.01,full,Sigmoid(),44.08811101913452
5,110,0.1,full,ReLU(),65.37240566253662
5,110,0.1,full,Tanh(),24.417223014831542
5,110,0.1,full,Sigmoid(),18.978262796401978
5,120,0.001,full,ReLU(),801.9443999481201
5,120,0.001,full,Tanh(),365.7394110107422
5,120,0.001,full,Sigmoid(),537.3785623168945
5,120,0.01,full,ReLU(),275.42876148223877
5,120,0.01,full,Tanh(),20.783690719604493
5,120,0.01,full,Sigmoid(),31.88905620574951
5,120,0.1,full,ReLU(),33.61161518096924
5,120,0.1,full,Tanh(),23.06116968154907
5,120,0.1,full,Sigmoid(),20.7301411819458
5,130,0.001,full,ReLU(),797.3082904052734
5,130,0.001,full,Tanh(),348.6012435913086
5,130,0.001,full,Sigmoid(),518.943369140625
5,130,0.01,full,ReLU(),262.9901060295105
5,130,0.01,full,Tanh(),25.516544303894044
5,130,0.01,full,Sigmoid(),22.47395932674408
5,130,0.1,full,ReLU(),146354221.61802375
5,130,0.1,full,Tanh(),20.66952828884125
5,130,0.1,full,Sigmoid(),19.443423862457276
5,140,0.001,full,ReLU(),881.1759344482422
5,140,0.001,full,Tanh(),326.69824279785155
5,140,0.001,full,Sigmoid(),503.31422546386716
5,140,0.01,full,ReLU(),319.1893006896973
5,140,0.01,full,Tanh(),28.859257297515867
5,140,0.01,full,Sigmoid(),17.03432710647583
5,140,0.1,full,ReLU(),59.85240126132965
5,140,0.1,full,Tanh(),20.55259349822998
5,140,0.1,full,Sigmoid(),16.932191133499146
5,150,0.001,full,ReLU(),623.6676407051086
5,150,0.001,full,Tanh(),310.9911834716797
5,150,0.001,full,Sigmoid(),494.5573303222656
5,150,0.01,full,ReLU(),240.39886587142945
5,150,0.01,full,Tanh(),30.238502559661864
5,150,0.01,full,Sigmoid(),13.950439538955688
5,150,0.1,full,ReLU(),28.775656962394713
5,150,0.1,full,Tanh(),20.801884760856627
5,150,0.1,full,Sigmoid(),14.733228793144226
5,160,0.001,full,ReLU(),845.7293032073975
5,160,0.001,full,Tanh(),295.31953033447263
5,160,0.001,full,Sigmoid(),480.4731890869141
5,160,0.01,full,ReLU(),405.0394683074951
5,160,0.01,full,Tanh(),29.69087865829468
5,160,0.01,full,Sigmoid(),13.019502081871032
5,160,0.1,full,ReLU(),1475683.995183344
5,160,0.1,full,Tanh(),23.00021509170532
5,160,0.1,full,Sigmoid(),15.432541131973267
5,170,0.001,full,ReLU(),776.9523938179016
5,170,0.001,full,Tanh(),278.8035876464844
5,170,0.001,full,Sigmoid(),466.24434356689454
5,170,0.01,full,ReLU(),595.980489654541
5,170,0.01,full,Tanh(),27.472252082824706
5,170,0.01,full,Sigmoid(),13.821869802474975
5,170,0.1,full,ReLU(),99375.46116611958
5,170,0.1,full,Tanh(),19.37995199203491
5,170,0.1,full,Sigmoid(),17.747910189628602
5,180,0.001,full,ReLU(),846.3123040771484
5,180,0.001,full,Tanh(),264.56799682617185
5,180,0.001,full,Sigmoid(),454.8800274658203
5,180,0.01,full,ReLU(),336.94285636901856
5,180,0.01,full,Tanh(),24.598501358032227
5,180,0.01,full,Sigmoid(),15.656313652992248
5,180,0.1,full,ReLU(),37.70149941921234
5,180,0.1,full,Tanh(),20.971546535491942
5,180,0.1,full,Sigmoid(),19.582715501785277
5,190,0.001,full,ReLU(),799.4390150070191
5,190,0.001,full,Tanh(),249.3763912963867
5,190,0.001,full,Sigmoid(),443.34637634277345
5,190,0.01,full,ReLU(),359.066975440979
5,190,0.01,full,Tanh(),20.727548599243164
5,190,0.01,full,Sigmoid(),18.027499027252198
5,190,0.1,full,ReLU(),117194610.79320034
5,190,0.1,full,Tanh(),19.509223437309267
5,190,0.1,full,Sigmoid(),19.66783539772034
5,200,0.001,full,ReLU(),935.4413398361206
5,200,0.001,full,Tanh(),237.2318035888672
5,200,0.001,full,Sigmoid(),433.7879635620117
5,200,0.01,full,ReLU(),409.27896125793455
5,200,0.01,full,Tanh(),17.265205869674684
5,200,0.01,full,Sigmoid(),21.006905517578126
5,200,0.1,full,ReLU(),188.8348035955429
5,200,0.1,full,Tanh(),21.14914608478546
5,200,0.1,full,Sigmoid(),17.92769464492798
6,10,0.001,full,ReLU(),603.2229860305786
6,10,0.001,full,Tanh(),733.8114984130859
6,10,0.001,full,Sigmoid(),748.2431262207032
6,10,0.01,full,ReLU(),86.99418800354005
6,10,0.01,full,Tanh(),542.2154339599609
6,10,0.01,full,Sigmoid(),611.7499227905273
6,10,0.1,full,ReLU(),242.9429742908478
6,10,0.1,full,Tanh(),12.060068964958191
6,10,0.1,full,Sigmoid(),17.14831622123718
6,20,0.001,full,ReLU(),113.05553148269654
6,20,0.001,full,Tanh(),695.6590124511719
6,20,0.001,full,Sigmoid(),733.3726788330079
6,20,0.01,full,ReLU(),49.53466827392578
6,20,0.01,full,Tanh(),388.80676330566405
6,20,0.01,full,Sigmoid(),490.5367422485352
6,20,0.1,full,ReLU(),120.64005773067474
6,20,0.1,full,Tanh(),30.59599506378174
6,20,0.1,full,Sigmoid(),29.79931824684143
6,30,0.001,full,ReLU(),82.37079885482788
6,30,0.001,full,Tanh(),645.4978674316407
6,30,0.001,full,Sigmoid(),715.6005389404297
6,30,0.01,full,ReLU(),61.00177843093872
6,30,0.01,full,Tanh(),275.45862899780275
6,30,0.01,full,Sigmoid(),404.0054998779297
6,30,0.1,full,ReLU(),35.24836209774017
6,30,0.1,full,Tanh(),15.164186515808105
6,30,0.1,full,Sigmoid(),14.801842393875122
6,40,0.001,full,ReLU(),95.00370864868164
6,40,0.001,full,Tanh(),596.6394573974609
6,40,0.001,full,Sigmoid(),697.26287109375
6,40,0.01,full,ReLU(),65.40490692138673
6,40,0.01,full,Tanh(),186.43034454345704
6,40,0.01,full,Sigmoid(),318.76828735351563
6,40,0.1,full,ReLU(),28.15699788093567
6,40,0.1,full,Tanh(),25.80071508407593
6,40,0.1,full,Sigmoid(),18.669156126976013
6,50,0.001,full,ReLU(),84.66562837600708
6,50,0.001,full,Tanh(),552.8063259887696
6,50,0.001,full,Sigmoid(),675.3778033447265
6,50,0.01,full,ReLU(),70.12906009674072
6,50,0.01,full,Tanh(),117.56239494323731
6,50,0.01,full,Sigmoid(),254.345908203125
6,50,0.1,full,ReLU(),33.23517395019531
6,50,0.1,full,Tanh(),16.95003318786621
6,50,0.1,full,Sigmoid(),22.695308394432068
6,60,0.001,full,ReLU(),83.71465055465698
6,60,0.001,full,Tanh(),515.7588043212891
6,60,0.001,full,Sigmoid(),650.4190380859375
6,60,0.01,full,ReLU(),73.3001435470581
6,60,0.01,full,Tanh(),69.87782958984376
6,60,0.01,full,Sigmoid(),189.8913892364502
6,60,0.1,full,ReLU(),912558.825274415
6,60,0.1,full,Tanh(),24.45341236114502
6,60,0.1,full,Sigmoid(),20.88477138519287
6,70,0.001,full,ReLU(),78.25183395385743
6,70,0.001,full,Tanh(),483.48083068847654
6,70,0.001,full,Sigmoid(),628.0600897216797
6,70,0.01,full,ReLU(),88.66430404663086
6,70,0.01,full,Tanh(),38.623971996307375
6,70,0.01,full,Sigmoid(),154.473169631958
6,70,0.1,full,ReLU(),58.16717629909515
6,70,0.1,full,Tanh(),24.67044632911682
6,70,0.1,full,Sigmoid(),17.476338653564454
6,80,0.001,full,ReLU(),89.87492546081543
6,80,0.001,full,Tanh(),456.8611001586914
6,80,0.001,full,Sigmoid(),610.8338037109374
6,80,0.01,full,ReLU(),98.02471210479736
6,80,0.01,full,Tanh(),20.772392559051514
6,80,0.01,full,Sigmoid(),108.81180576324464
6,80,0.1,full,ReLU(),3222371.628347416
6,80,0.1,full,Tanh(),21.356008768081665
6,80,0.1,full,Sigmoid(),15.51395179271698
6,90,0.001,full,ReLU(),90.8080212020874
6,90,0.001,full,Tanh(),430.2778985595703
6,90,0.001,full,Sigmoid(),588.4881826782226
6,90,0.01,full,ReLU(),95.64504047393798
6,90,0.01,full,Tanh(),12.962695150375366
6,90,0.01,full,Sigmoid(),83.64822891235352
6,90,0.1,full,ReLU(),1431053.1727579308
6,90,0.1,full,Tanh(),19.303544726371765
6,90,0.1,full,Sigmoid(),15.540733790397644
6,100,0.001,full,ReLU(),80.31266399383544
6,100,0.001,full,Tanh(),407.7830062866211
6,100,0.001,full,Sigmoid(),572.048701171875
6,100,0.01,full,ReLU(),107.157672996521
6,100,0.01,full,Tanh(),12.269089331626892
6,100,0.01,full,Sigmoid(),63.95762302398682
6,100,0.1,full,ReLU(),3313713.645079632
6,100,0.1,full,Tanh(),17.944836292266846
6,100,0.1,full,Sigmoid(),17.049251470565796
6,110,0.001,full,ReLU(),91.5183825302124
6,110,0.001,full,Tanh(),385.16988037109377
6,110,0.001,full,Sigmoid(),551.9983819580078
6,110,0.01,full,ReLU(),100.61174476623535
6,110,0.01,full,Tanh(),15.808600635528565
6,110,0.01,full,Sigmoid(),43.45709489822388
6,110,0.1,full,ReLU(),291.14916078567506
6,110,0.1,full,Tanh(),16.17599709510803
6,110,0.1,full,Sigmoid(),19.901713066101074
6,120,0.001,full,ReLU(),96.43929588317872
6,120,0.001,full,Tanh(),366.5087030029297
6,120,0.001,full,Sigmoid(),537.2812963867187
6,120,0.01,full,ReLU(),114.50291881561279
6,120,0.01,full,Tanh(),21.020288524627684
6,120,0.01,full,Sigmoid(),32.60944757461548
6,120,0.1,full,ReLU(),6779240.57941061
6,120,0.1,full,Tanh(),18.071250109672548
6,120,0.1,full,Sigmoid(),21.106681489944457
6,130,0.001,full,ReLU(),96.57376041412354
6,130,0.001,full,Tanh(),347.0282629394531
6,130,0.001,full,Sigmoid(),524.015785522461
6,130,0.01,full,ReLU(),96.1041170501709
6,130,0.01,full,Tanh(),25.77643711090088
6,130,0.01,full,Sigmoid(),23.25957977294922
6,130,0.1,full,ReLU(),100.44098359584808
6,130,0.1,full,Tanh(),23.587246861457825
6,130,0.1,full,Sigmoid(),19.53988579750061
6,140,0.001,full,ReLU(),104.77882472991944
6,140,0.001,full,Tanh(),327.4943203735352
6,140,0.001,full,Sigmoid(),507.2132809448242
6,140,0.01,full,ReLU(),125.15954925537109
6,140,0.01,full,Tanh(),29.06317409515381
6,140,0.01,full,Sigmoid(),17.02357828140259
6,140,0.1,full,ReLU(),4852534.018158312
6,140,0.1,full,Tanh(),32.205507206916806
6,140,0.1,full,Sigmoid(),17.012545418739318
6,150,0.001,full,ReLU(),115.88567722320556
6,150,0.001,full,Tanh(),309.94475036621094
6,150,0.001,full,Sigmoid(),492.4149566650391
6,150,0.01,full,ReLU(),102.01476406097412
6,150,0.01,full,Tanh(),30.299108066558837
6,150,0.01,full,Sigmoid(),13.584519534111022
6,150,0.1,full,ReLU(),3670979.352036848
6,150,0.1,full,Tanh(),41.15441942691803
6,150,0.1,full,Sigmoid(),15.03790199279785
6,160,0.001,full,ReLU(),115.23408657073975
6,160,0.001,full,Tanh(),294.2256164550781
6,160,0.001,full,Sigmoid(),479.9706228637695
6,160,0.01,full,ReLU(),142.70472297668456
6,160,0.01,full,Tanh(),29.66410903930664
6,160,0.01,full,Sigmoid(),13.072577443122864
6,160,0.1,full,ReLU(),8968294.826846452
6,160,0.1,full,Tanh(),37.87481892108917
6,160,0.1,full,Sigmoid(),15.644014148712158
6,170,0.001,full,ReLU(),108.92603427886962
6,170,0.001,full,Tanh(),278.86339157104493
6,170,0.001,full,Sigmoid(),468.7468734741211
6,170,0.01,full,ReLU(),140.10412109375
6,170,0.01,full,Tanh(),27.086144466400146
6,170,0.01,full,Sigmoid(),13.866206440925598
6,170,0.1,full,ReLU(),130877835.85472889
6,170,0.1,full,Tanh(),44.089873180389404
6,170,0.1,full,Sigmoid(),17.758621006011964
6,180,0.001,full,ReLU(),128.02303089141844
6,180,0.001,full,Tanh(),261.4869317626953
6,180,0.001,full,Sigmoid(),454.88414581298827
6,180,0.01,full,ReLU(),365.03978313446044
6,180,0.01,full,Tanh(),23.74269567489624
6,180,0.01,full,Sigmoid(),15.218639631271362
6,180,0.1,full,ReLU(),63571906.0841475
6,180,0.1,full,Tanh(),45.09759367465973
6,180,0.1,full,Sigmoid(),19.212220153808595
6,190,0.001,full,ReLU(),133.3883781814575
6,190,0.001,full,Tanh(),248.61234268188477
6,190,0.001,full,Sigmoid(),444.7976416015625
6,190,0.01,full,ReLU(),159.49859764099122
6,190,0.01,full,Tanh(),20.063246574401855
6,190,0.01,full,Sigmoid(),17.95250011444092
6,190,0.1,full,ReLU(),1583.2523712348939
6,190,0.1,full,Tanh(),41.05915732383728
6,190,0.1,full,Sigmoid(),19.577837553024292
6,200,0.001,full,ReLU(),128.37625663757325
6,200,0.001,full,Tanh(),233.7762600708008
6,200,0.001,full,Sigmoid(),430.045309753418
6,200,0.01,full,ReLU(),179.50762924194336
6,200,0.01,full,Tanh(),16.78826344490051
6,200,0.01,full,Sigmoid(),20.079529294967653
6,200,0.1,full,ReLU(),4047110218.583186
6,200,0.1,full,Tanh(),43.25778569698334
6,200,0.1,full,Sigmoid(),17.897967834472656
7,10,0.001,full,ReLU(),171.89726928710937
7,10,0.001,full,Tanh(),737.8633166503906
7,10,0.001,full,Sigmoid(),746.8599322509766
7,10,0.01,full,ReLU(),73.99876091003418
7,10,0.01,full,Tanh(),539.6705691528321
7,10,0.01,full,Sigmoid(),616.7753869628906
7,10,0.1,full,ReLU(),198.086872215271
7,10,0.1,full,Tanh(),12.052387928962707
7,10,0.1,full,Sigmoid(),18.894066972732546
7,20,0.001,full,ReLU(),60.8963480758667
7,20,0.001,full,Tanh(),698.8076043701171
7,20,0.001,full,Sigmoid(),732.602173461914
7,20,0.01,full,ReLU(),45.146293277740476
7,20,0.01,full,Tanh(),392.13730987548826
7,20,0.01,full,Sigmoid(),502.5482525634766
7,20,0.1,full,ReLU(),109.84717329978943
7,20,0.1,full,Tanh(),30.63514699935913
7,20,0.1,full,Sigmoid(),29.719525547027587
7,30,0.001,full,ReLU(),54.14287418365478
7,30,0.001,full,Tanh(),644.1483087158203
7,30,0.001,full,Sigmoid(),714.4822442626953
7,30,0.01,full,ReLU(),47.733481559753415
7,30,0.01,full,Tanh(),276.0693231201172
7,30,0.01,full,Sigmoid(),399.5492349243164
7,30,0.1,full,ReLU(),63.98647026538849
7,30,0.1,full,Tanh(),19.850725927352904
7,30,0.1,full,Sigmoid(),15.281830940246582
7,40,0.001,full,ReLU(),49.72145080566406
7,40,0.001,full,Tanh(),595.6743249511719
7,40,0.001,full,Sigmoid(),691.5285070800782
7,40,0.01,full,ReLU(),54.767609443664554
7,40,0.01,full,Tanh(),184.9617642211914
7,40,0.01,full,Sigmoid(),321.5749983215332
7,40,0.1,full,ReLU(),63.16904857635498
7,40,0.1,full,Tanh(),23.214864501953127
7,40,0.1,full,Sigmoid(),18.707230930328368
7,50,0.001,full,ReLU(),48.48260585784912
7,50,0.001,full,Tanh(),551.5767300415039
7,50,0.001,full,Sigmoid(),674.2260748291015
7,50,0.01,full,ReLU(),52.51098030090332
7,50,0.01,full,Tanh(),117.93621513366699
7,50,0.01,full,Sigmoid(),250.79387771606446
7,50,0.1,full,ReLU(),37.279682726860045
7,50,0.1,full,Tanh(),17.593853378295897
7,50,0.1,full,Sigmoid(),23.18106233596802
7,60,0.001,full,ReLU(),48.25254329681397
7,60,0.001,full,Tanh(),516.7049606323242
7,60,0.001,full,Sigmoid(),655.618775024414
7,60,0.01,full,ReLU(),53.43097450256348
7,60,0.01,full,Tanh(),71.42383148193359
7,60,0.01,full,Sigmoid(),200.01901824951173
7,60,0.1,full,ReLU(),36.53289531707764
7,60,0.1,full,Tanh(),26.194316349029542
7,60,0.1,full,Sigmoid(),20.969876317977906
7,70,0.001,full,ReLU(),49.30143188476563
7,70,0.001,full,Tanh(),482.6869262695312
7,70,0.001,full,Sigmoid(),627.7562829589843
7,70,0.01,full,ReLU(),54.91454582214355
7,70,0.01,full,Tanh(),38.82240154266358
7,70,0.01,full,Sigmoid(),148.32051834106446
7,70,0.1,full,ReLU(),97.73333270549774
7,70,0.1,full,Tanh(),30.799050340652467
7,70,0.1,full,Sigmoid(),17.258550777435303
7,80,0.001,full,ReLU(),48.67255340576172
7,80,0.001,full,Tanh(),458.2967587280273
7,80,0.001,full,Sigmoid(),609.3884820556641
7,80,0.01,full,ReLU(),56.11271415710449
7,80,0.01,full,Tanh(),20.668133974075317
7,80,0.01,full,Sigmoid(),117.82323059082032
7,80,0.1,full,ReLU(),114578.48894081592
7,80,0.1,full,Tanh(),29.558512201309203
7,80,0.1,full,Sigmoid(),14.74413996219635
7,90,0.001,full,ReLU(),50.11857551574707
7,90,0.001,full,Tanh(),431.6026541137695
7,90,0.001,full,Sigmoid(),590.2592681884765
7,90,0.01,full,ReLU(),54.654760932922365
7,90,0.01,full,Tanh(),13.079032759666443
7,90,0.01,full,Sigmoid(),79.8369020652771
7,90,0.1,full,ReLU(),1314420.8810150432
7,90,0.1,full,Tanh(),26.116526818275453
7,90,0.1,full,Sigmoid(),15.636364970207214
7,100,0.001,full,ReLU(),50.25339626312256
7,100,0.001,full,Tanh(),407.8421908569336
7,100,0.001,full,Sigmoid(),573.0074786376953
7,100,0.01,full,ReLU(),63.04148185729981
7,100,0.01,full,Tanh(),12.292892422676086
7,100,0.01,full,Sigmoid(),62.84913951873779
7,100,0.1,full,ReLU(),12449884.427588692
7,100,0.1,full,Tanh(),23.153394861221315
7,100,0.1,full,Sigmoid(),16.16996072769165
7,110,0.001,full,ReLU(),50.0282275390625
7,110,0.001,full,Tanh(),385.5635073852539
7,110,0.001,full,Sigmoid(),554.1052862548828
7,110,0.01,full,ReLU(),65.64982440948486
7,110,0.01,full,Tanh(),15.968062791824341
7,110,0.01,full,Sigmoid(),42.49961681365967
7,110,0.1,full,ReLU(),62568.693317108155
7,110,0.1,full,Tanh(),23.51027719974518
7,110,0.1,full,Sigmoid(),19.883098278045654
7,120,0.001,full,ReLU(),49.97388664245605
7,120,0.001,full,Tanh(),366.5504141235352
7,120,0.001,full,Sigmoid(),538.4548849487305
7,120,0.01,full,ReLU(),69.66204639434814
7,120,0.01,full,Tanh(),20.991287517547608
7,120,0.01,full,Sigmoid(),32.41706130027771
7,120,0.1,full,ReLU(),53246.870002470016
7,120,0.1,full,Tanh(),30.528614325523378
7,120,0.1,full,Sigmoid(),20.88250072479248
7,130,0.001,full,ReLU(),52.825035934448245
7,130,0.001,full,Tanh(),344.2634600830078
7,130,0.001,full,Sigmoid(),521.4441946411133
7,130,0.01,full,ReLU(),65.56035373687745
7,130,0.01,full,Tanh(),25.868862323760986
7,130,0.01,full,Sigmoid(),21.78725684642792
7,130,0.1,full,ReLU(),48271325.382527456
7,130,0.1,full,Tanh(),23.53955113887787
7,130,0.1,full,Sigmoid(),19.352888107299805
7,140,0.001,full,ReLU(),53.06186473846436
7,140,0.001,full,Tanh(),328.66038177490236
7,140,0.001,full,Sigmoid(),505.79347106933596
7,140,0.01,full,ReLU(),87.11502807617188
7,140,0.01,full,Tanh(),29.16526382446289
7,140,0.01,full,Sigmoid(),17.106530909538268
7,140,0.1,full,ReLU(),11640.282796611786
7,140,0.1,full,Tanh(),27.442920026779174
7,140,0.1,full,Sigmoid(),15.904751458168029
7,150,0.001,full,ReLU(),54.40028034210205
7,150,0.001,full,Tanh(),310.7328988647461
7,150,0.001,full,Sigmoid(),492.2825900268555
7,150,0.01,full,ReLU(),71.32800996780395
7,150,0.01,full,Tanh(),30.307167530059814
7,150,0.01,full,Sigmoid(),13.602585778236389
7,150,0.1,full,ReLU(),16245796927.192957
7,150,0.1,full,Tanh(),40.62244737625122
7,150,0.1,full,Sigmoid(),14.978478302955628
7,160,0.001,full,ReLU(),56.43419986724854
7,160,0.001,full,Tanh(),293.19298095703124
7,160,0.001,full,Sigmoid(),479.6911581420898
7,160,0.01,full,ReLU(),106.80956146240234
7,160,0.01,full,Tanh(),29.447481842041014
7,160,0.01,full,Sigmoid(),13.20410442352295
7,160,0.1,full,ReLU(),11328.915558376313
7,160,0.1,full,Tanh(),37.391031455993655
7,160,0.1,full,Sigmoid(),16.138987946510316
7,170,0.001,full,ReLU(),53.734791641235354
7,170,0.001,full,Tanh(),278.4849217224121
7,170,0.001,full,Sigmoid(),468.7274746704102
7,170,0.01,full,ReLU(),120.14583305358887
7,170,0.01,full,Tanh(),26.768828639984132
7,170,0.01,full,Sigmoid(),13.679165024757385
7,170,0.1,full,ReLU(),248127238.62879685
7,170,0.1,full,Tanh(),39.5372741985321
7,170,0.1,full,Sigmoid(),17.817272071838378
7,180,0.001,full,ReLU(),56.20170539855957
7,180,0.001,full,Tanh(),262.5680809020996
7,180,0.001,full,Sigmoid(),457.4710980224609
7,180,0.01,full,ReLU(),147.06016292572022
7,180,0.01,full,Tanh(),23.294862155914306
7,180,0.01,full,Sigmoid(),15.175728087425233
7,180,0.1,full,ReLU(),695043617610.3864
7,180,0.1,full,Tanh(),33.82876541614532
7,180,0.1,full,Sigmoid(),19.462289910316468
7,190,0.001,full,ReLU(),59.06128276824951
7,190,0.001,full,Tanh(),249.85141662597655
7,190,0.001,full,Sigmoid(),444.64341064453123
7,190,0.01,full,ReLU(),327.08627746582033
7,190,0.01,full,Tanh(),19.896281452178954
7,190,0.01,full,Sigmoid(),17.85722846508026
7,190,0.1,full,ReLU(),26778.84351275444
7,190,0.1,full,Tanh(),37.25732000350952
7,190,0.1,full,Sigmoid(),18.90090106010437
7,200,0.001,full,ReLU(),57.44118911743164
7,200,0.001,full,Tanh(),236.9564636230469
7,200,0.001,full,Sigmoid(),429.15576934814453
7,200,0.01,full,ReLU(),145.57433639526369
7,200,0.01,full,Tanh(),16.812678232192994
7,200,0.01,full,Sigmoid(),20.39102761268616
7,200,0.1,full,ReLU(),978412623227.2922
7,200,0.1,full,Tanh(),51.02799125671387
7,200,0.1,full,Sigmoid(),17.28350606918335
