config,accuracy,r2_score
"(1, 10, 0.001, 32, ReLU())",0.00016666667458290854,0.3765416045983632
"(1, 10, 0.001, 32, Tanh())",0.0,0.4292647772365146
"(1, 10, 0.001, 32, Sigmoid())",0.0,0.2560278938876258
"(1, 10, 0.001, 64, ReLU())",0.0001111111163886057,0.29054270519150627
"(1, 10, 0.001, 64, Tanh())",0.0,0.3253174357944065
"(1, 10, 0.001, 64, Sigmoid())",0.0,0.17966408199734157
"(1, 10, 0.001, 128, ReLU())",0.0,0.19010324279467264
"(1, 10, 0.001, 128, Tanh())",0.0,0.20663528972201878
"(1, 10, 0.001, 128, Sigmoid())",0.0,0.11082680357827081
"(1, 10, 0.01, 32, ReLU())",0.006000000252647119,0.5977321532037523
"(1, 10, 0.01, 32, Tanh())",0.0,0.5940274828010135
"(1, 10, 0.01, 32, Sigmoid())",0.0,0.5470757053958045
"(1, 10, 0.01, 64, ReLU())",0.0018888889850738149,0.5630631347497305
"(1, 10, 0.01, 64, Tanh())",0.0,0.5624282889895968
"(1, 10, 0.01, 64, Sigmoid())",0.0,0.49851459595892167
"(1, 10, 0.01, 128, ReLU())",0.003333333549865832,0.5483081969949934
"(1, 10, 0.01, 128, Tanh())",0.0,0.5298667450745901
"(1, 10, 0.01, 128, Sigmoid())",0.0,0.44599513212839764
"(1, 10, 0.1, 32, ReLU())",0.08650000491696927,0.565238893032074
"(1, 10, 0.1, 32, Tanh())",0.0,0.5483392477035522
"(1, 10, 0.1, 32, Sigmoid())",0.0,0.660698327753279
"(1, 10, 0.1, 64, ReLU())",0.04850000172154978,0.5623751117123498
"(1, 10, 0.1, 64, Tanh())",0.0,0.5916165279017555
"(1, 10, 0.1, 64, Sigmoid())",0.0,0.6246501704057058
"(1, 10, 0.1, 128, ReLU())",0.04472222399070031,0.5386787090036604
"(1, 10, 0.1, 128, Tanh())",0.0,0.5645050737592909
"(1, 10, 0.1, 128, Sigmoid())",0.0,0.559462673134274
"(1, 20, 0.001, 32, ReLU())",0.0,0.4889877802795834
"(1, 20, 0.001, 32, Tanh())",0.0,0.4996470510959625
"(1, 20, 0.001, 32, Sigmoid())",0.0,0.3260575433572133
"(1, 20, 0.001, 64, ReLU())",0.0,0.37423590156767106
"(1, 20, 0.001, 64, Tanh())",0.0,0.40583815177281696
"(1, 20, 0.001, 64, Sigmoid())",0.0,0.22646775510576037
"(1, 20, 0.001, 128, ReLU())",0.0,0.25125252538257176
"(1, 20, 0.001, 128, Tanh())",0.0,0.3029664655526479
"(1, 20, 0.001, 128, Sigmoid())",0.0,0.17118078801367018
"(1, 20, 0.01, 32, ReLU())",0.010111111552558012,0.5942069093386332
"(1, 20, 0.01, 32, Tanh())",0.0,0.6240165068043603
"(1, 20, 0.01, 32, Sigmoid())",0.0,0.5473135378625658
"(1, 20, 0.01, 64, ReLU())",0.001777777875152727,0.618517624007331
"(1, 20, 0.01, 64, Tanh())",0.0,0.5968219737211863
"(1, 20, 0.01, 64, Sigmoid())",0.0,0.5338157614072164
"(1, 20, 0.01, 128, ReLU())",0.0029444446037006048,0.5585907267199622
"(1, 20, 0.01, 128, Tanh())",0.0,0.5558030241065555
"(1, 20, 0.01, 128, Sigmoid())",0.0,0.48245661126242745
"(1, 20, 0.1, 32, ReLU())",0.16150000531019437,0.5342450075679355
"(1, 20, 0.1, 32, Tanh())",0.00116666672208036,0.5800015793906318
"(1, 20, 0.1, 32, Sigmoid())",0.001833333375139369,0.6240286661518945
"(1, 20, 0.1, 64, ReLU())",0.10155555822550216,0.5701881183518304
"(1, 20, 0.1, 64, Tanh())",0.000500000004346172,0.5926099949412875
"(1, 20, 0.1, 64, Sigmoid())",0.0,0.6273760861820645
"(1, 20, 0.1, 128, ReLU())",0.06138889201813274,0.5736331409878201
"(1, 20, 0.1, 128, Tanh())",0.0,0.595366809103224
"(1, 20, 0.1, 128, Sigmoid())",0.0,0.5611615810129378
"(1, 30, 0.001, 32, ReLU())",0.0,0.518099264966117
"(1, 30, 0.001, 32, Tanh())",0.0,0.5001150270303091
"(1, 30, 0.001, 32, Sigmoid())",0.0,0.37686604923672146
"(1, 30, 0.001, 64, ReLU())",0.0,0.4236262109544542
"(1, 30, 0.001, 64, Tanh())",0.0,0.4639981687068939
"(1, 30, 0.001, 64, Sigmoid())",0.0,0.2549604939089881
"(1, 30, 0.001, 128, ReLU())",0.0,0.2915867269039154
"(1, 30, 0.001, 128, Tanh())",0.0,0.36601631508933175
"(1, 30, 0.001, 128, Sigmoid())",0.0,0.18840572237968445
"(1, 30, 0.01, 32, ReLU())",0.012888889429935565,0.5985433558622996
"(1, 30, 0.01, 32, Tanh())",0.0,0.624551405509313
"(1, 30, 0.01, 32, Sigmoid())",0.0,0.581261416276296
"(1, 30, 0.01, 64, ReLU())",0.008166667151575288,0.6034068597687615
"(1, 30, 0.01, 64, Tanh())",0.0,0.5778373943434821
"(1, 30, 0.01, 64, Sigmoid())",0.0,0.5367967651949989
"(1, 30, 0.01, 128, ReLU())",0.0033888890757225454,0.5675297445721097
"(1, 30, 0.01, 128, Tanh())",0.0,0.5457251138157315
"(1, 30, 0.01, 128, Sigmoid())",0.0,0.48439270589086747
"(1, 30, 0.1, 32, ReLU())",0.13716667307178593,0.3171815706623925
"(1, 30, 0.1, 32, Tanh())",0.002444444631692022,0.49723129802280003
"(1, 30, 0.1, 32, Sigmoid())",0.00016666667458290854,0.6178261935710907
"(1, 30, 0.1, 64, ReLU())",0.13766667189257634,0.5500349965360429
"(1, 30, 0.1, 64, Tanh())",0.0018333334527495834,0.5926246311929491
"(1, 30, 0.1, 64, Sigmoid())",5.555555819430285e-05,0.6328300204541948
"(1, 30, 0.1, 128, ReLU())",0.087777781765908,0.5286205675866869
"(1, 30, 0.1, 128, Tanh())",0.0,0.6034011344114939
"(1, 30, 0.1, 128, Sigmoid())",0.0,0.5679211152924432
"(1, 40, 0.001, 32, ReLU())",0.0001111111163886057,0.5281292001406351
"(1, 40, 0.001, 32, Tanh())",0.0,0.5333592196305593
"(1, 40, 0.001, 32, Sigmoid())",0.0,0.3788748284180959
"(1, 40, 0.001, 64, ReLU())",5.555555819430285e-05,0.45805570152070785
"(1, 40, 0.001, 64, Tanh())",0.0,0.49176542626486885
"(1, 40, 0.001, 64, Sigmoid())",0.0,0.28560895058843827
"(1, 40, 0.001, 128, ReLU())",0.0,0.31739165054427254
"(1, 40, 0.001, 128, Tanh())",0.0,0.38985517289903426
"(1, 40, 0.001, 128, Sigmoid())",0.0,0.20927775899569193
"(1, 40, 0.01, 32, ReLU())",0.01450000036533715,0.5774105158117082
"(1, 40, 0.01, 32, Tanh())",0.0,0.6204892430040572
"(1, 40, 0.01, 32, Sigmoid())",0.0,0.5727680491076576
"(1, 40, 0.01, 64, ReLU())",0.010055556181921728,0.6005420519245995
"(1, 40, 0.01, 64, Tanh())",0.0,0.6009653574890561
"(1, 40, 0.01, 64, Sigmoid())",0.0,0.5671065416600969
"(1, 40, 0.01, 128, ReLU())",0.003222222388204601,0.5846997565693326
"(1, 40, 0.01, 128, Tanh())",0.0,0.56899427374204
"(1, 40, 0.01, 128, Sigmoid())",0.0,0.5271707110934787
"(1, 40, 0.1, 32, ReLU())",0.1587777862829777,0.47484560476409066
"(1, 40, 0.1, 32, Tanh())",0.006777778106172466,0.48195312089390224
"(1, 40, 0.1, 32, Sigmoid())",0.0014444445001168384,0.6440357400311364
"(1, 40, 0.1, 64, ReLU())",0.15483334057757425,0.5528527266449399
"(1, 40, 0.1, 64, Tanh())",0.0046111114012698335,0.5663937098450131
"(1, 40, 0.1, 64, Sigmoid())",5.555555819430285e-05,0.6320211291313171
"(1, 40, 0.1, 128, ReLU())",0.09088889420187722,0.5055142475499047
"(1, 40, 0.1, 128, Tanh())",0.0,0.57118601931466
"(1, 40, 0.1, 128, Sigmoid())",0.0,0.5282176401880052
"(1, 50, 0.001, 32, ReLU())",0.0001111111163886057,0.5238587723837959
"(1, 50, 0.001, 32, Tanh())",0.0,0.5408040086428324
"(1, 50, 0.001, 32, Sigmoid())",0.0,0.40534012185202706
"(1, 50, 0.001, 64, ReLU())",0.0001111111163886057,0.4761747552288903
"(1, 50, 0.001, 64, Tanh())",0.0,0.5008174346552955
"(1, 50, 0.001, 64, Sigmoid())",0.0,0.3333630363146464
"(1, 50, 0.001, 128, ReLU())",0.0,0.3565179573165046
"(1, 50, 0.001, 128, Tanh())",0.0,0.41333868106206256
"(1, 50, 0.001, 128, Sigmoid())",0.0,0.21796221203274196
"(1, 50, 0.01, 32, ReLU())",0.015388889367588691,0.5763184693124559
"(1, 50, 0.01, 32, Tanh())",0.0,0.6465785172250536
"(1, 50, 0.01, 32, Sigmoid())",0.0,0.5693803562058343
"(1, 50, 0.01, 64, ReLU())",0.015277778484030731,0.5774224268065559
"(1, 50, 0.01, 64, Tanh())",0.0,0.6014363798830245
"(1, 50, 0.01, 64, Sigmoid())",0.0,0.5446302129162682
"(1, 50, 0.01, 128, ReLU())",0.006611111399251968,0.613479259941313
"(1, 50, 0.01, 128, Tanh())",0.0,0.5663089156150818
"(1, 50, 0.01, 128, Sigmoid())",0.0,0.5084942347473569
"(1, 50, 0.1, 32, ReLU())",0.19250000826367694,0.3617727988296085
"(1, 50, 0.1, 32, Tanh())",0.01427777846240335,0.4830130868487888
"(1, 50, 0.1, 32, Sigmoid())",0.002722222332118286,0.6659209132194519
"(1, 50, 0.1, 64, ReLU())",0.16238889650493446,0.49341830611228943
"(1, 50, 0.1, 64, Tanh())",0.003944444592990395,0.591719776391983
"(1, 50, 0.1, 64, Sigmoid())",0.00016666666811539067,0.6203934318489499
"(1, 50, 0.1, 128, ReLU())",0.12244445093286534,0.1631852024131351
"(1, 50, 0.1, 128, Tanh())",5.555555819430285e-05,0.563535624080234
"(1, 50, 0.1, 128, Sigmoid())",0.0,0.5448136462105645
"(1, 60, 0.001, 32, ReLU())",0.0003333333491658171,0.5490000744660696
"(1, 60, 0.001, 32, Tanh())",0.0,0.5457703305615319
"(1, 60, 0.001, 32, Sigmoid())",0.0,0.4260454409652286
"(1, 60, 0.001, 64, ReLU())",5.555555819430285e-05,0.5012347532643212
"(1, 60, 0.001, 64, Tanh())",0.0,0.5048938393592834
"(1, 60, 0.001, 64, Sigmoid())",0.0,0.33085620072152877
"(1, 60, 0.001, 128, ReLU())",0.0001111111163886057,0.3991188704967499
"(1, 60, 0.001, 128, Tanh())",0.0,0.43205880456500584
"(1, 60, 0.001, 128, Sigmoid())",0.0,0.22953882813453674
"(1, 60, 0.01, 32, ReLU())",0.020166667449908953,0.6111445526281992
"(1, 60, 0.01, 32, Tanh())",0.0,0.6453680959012773
"(1, 60, 0.01, 32, Sigmoid())",0.0,0.5703988174597422
"(1, 60, 0.01, 64, ReLU())",0.011222222509483496,0.5910714467366537
"(1, 60, 0.01, 64, Tanh())",0.0,0.6019182205200195
"(1, 60, 0.01, 64, Sigmoid())",0.0,0.5384146008226607
"(1, 60, 0.01, 128, ReLU())",0.006222222414281633,0.5912528700298734
"(1, 60, 0.01, 128, Tanh())",0.0,0.5805111361874474
"(1, 60, 0.01, 128, Sigmoid())",0.0,0.5045416090223525
"(1, 60, 0.1, 32, ReLU())",0.21866667233148795,0.3753718203968472
"(1, 60, 0.1, 32, Tanh())",0.016222222811645932,0.4536120096842448
"(1, 60, 0.1, 32, Sigmoid())",0.006277777972475936,0.5886703431606293
"(1, 60, 0.1, 64, ReLU())",0.15766667396140596,0.4903844992319743
"(1, 60, 0.1, 64, Tanh())",0.005444444754781823,0.5743563506338332
"(1, 60, 0.1, 64, Sigmoid())",0.0,0.5921521683533987
"(1, 60, 0.1, 128, ReLU())",0.10588889494020906,0.14294796188672385
"(1, 60, 0.1, 128, Tanh())",0.0005000000302162436,0.5604966382185618
"(1, 60, 0.1, 128, Sigmoid())",0.0,0.5350551207860311
"(1, 70, 0.001, 32, ReLU())",0.00016666667458290854,0.5477061437235938
"(1, 70, 0.001, 32, Tanh())",0.0,0.5449777907795377
"(1, 70, 0.001, 32, Sigmoid())",0.0,0.4217871493763394
"(1, 70, 0.001, 64, ReLU())",0.0001111111163886057,0.5015913413630592
"(1, 70, 0.001, 64, Tanh())",0.0,0.5198168191644881
"(1, 70, 0.001, 64, Sigmoid())",0.0,0.35552122195561725
"(1, 70, 0.001, 128, ReLU())",0.0,0.38415084944831
"(1, 70, 0.001, 128, Tanh())",0.0,0.4626479645570119
"(1, 70, 0.001, 128, Sigmoid())",0.0,0.25034040212631226
"(1, 70, 0.01, 32, ReLU())",0.02727777917041547,0.6018309891223907
"(1, 70, 0.01, 32, Tanh())",0.0,0.6254854069815742
"(1, 70, 0.01, 32, Sigmoid())",0.0,0.5479684306515588
"(1, 70, 0.01, 64, ReLU())",0.013666667154110555,0.6163695421483781
"(1, 70, 0.01, 64, Tanh())",0.0,0.6215479042794969
"(1, 70, 0.01, 64, Sigmoid())",0.0,0.5596172942055596
"(1, 70, 0.01, 128, ReLU())",0.008833333739959117,0.587119847536087
"(1, 70, 0.01, 128, Tanh())",0.0,0.5596307019392649
"(1, 70, 0.01, 128, Sigmoid())",0.0,0.5191180672910478
"(1, 70, 0.1, 32, ReLU())",0.2198888965132129,0.3128279348214467
"(1, 70, 0.1, 32, Tanh())",0.023111112279972684,0.4492288629213969
"(1, 70, 0.1, 32, Sigmoid())",0.0012777778255339298,0.6014962593714396
"(1, 70, 0.1, 64, ReLU())",0.1702777879804166,0.3995249304506514
"(1, 70, 0.1, 64, Tanh())",0.00816666702222493,0.5887630548742082
"(1, 70, 0.1, 64, Sigmoid())",0.0005555555690079927,0.5970438222090403
"(1, 70, 0.1, 128, ReLU())",0.14472222999514392,0.1715529527929094
"(1, 70, 0.1, 128, Tanh())",0.00027777778450399637,0.529662205113305
"(1, 70, 0.1, 128, Sigmoid())",0.0,0.48830197585953605
"(1, 80, 0.001, 32, ReLU())",0.0005000000237487257,0.5550740195645226
"(1, 80, 0.001, 32, Tanh())",0.0,0.5432125296857622
"(1, 80, 0.001, 32, Sigmoid())",0.0,0.45411157608032227
"(1, 80, 0.001, 64, ReLU())",0.0,0.5254599319563972
"(1, 80, 0.001, 64, Tanh())",0.0,0.5193025436666276
"(1, 80, 0.001, 64, Sigmoid())",0.0,0.371089153819614
"(1, 80, 0.001, 128, ReLU())",0.0,0.42893451783392167
"(1, 80, 0.001, 128, Tanh())",0.0,0.4580361247062683
"(1, 80, 0.001, 128, Sigmoid())",0.0,0.2545112570126851
"(1, 80, 0.01, 32, ReLU())",0.021444445540611114,0.6129771239227719
"(1, 80, 0.01, 32, Tanh())",0.0,0.6228938102722168
"(1, 80, 0.01, 32, Sigmoid())",0.0,0.5670844117800394
"(1, 80, 0.01, 64, ReLU())",0.013444445218839165,0.5764771832360162
"(1, 80, 0.01, 64, Tanh())",0.0,0.5898817744519975
"(1, 80, 0.01, 64, Sigmoid())",0.0,0.5463144315613641
"(1, 80, 0.01, 128, ReLU())",0.013611112080980092,0.5678330130047269
"(1, 80, 0.01, 128, Tanh())",0.0,0.5752377510070801
"(1, 80, 0.01, 128, Sigmoid())",0.0,0.5193309187889099
"(1, 80, 0.1, 32, ReLU())",0.20527778912542594,-0.6208951009644402
"(1, 80, 0.1, 32, Tanh())",0.028500000881548557,0.43283935056792366
"(1, 80, 0.1, 32, Sigmoid())",0.0005000000302162436,0.6052272982067533
"(1, 80, 0.1, 64, ReLU())",0.18344445110091734,0.44161318408118355
"(1, 80, 0.1, 64, Tanh())",0.0116111117725571,0.5536375873618655
"(1, 80, 0.1, 64, Sigmoid())",0.0003888888944250842,0.5603851079940796
"(1, 80, 0.1, 128, ReLU())",0.14077778577080202,0.10737352569897969
"(1, 80, 0.1, 128, Tanh())",0.0008333333535119891,0.5469266043768989
"(1, 80, 0.1, 128, Sigmoid())",0.0,0.4595099455780453
"(1, 90, 0.001, 32, ReLU())",0.00016666667458290854,0.5610777967505984
"(1, 90, 0.001, 32, Tanh())",0.0,0.5584950115945604
"(1, 90, 0.001, 32, Sigmoid())",0.0,0.4872741831673516
"(1, 90, 0.001, 64, ReLU())",0.0002222222327772114,0.5182401041189829
"(1, 90, 0.001, 64, Tanh())",0.0,0.533395528793335
"(1, 90, 0.001, 64, Sigmoid())",0.0,0.3681467804643843
"(1, 90, 0.001, 128, ReLU())",0.0,0.43987003299925065
"(1, 90, 0.001, 128, Tanh())",0.0,0.4924158818191952
"(1, 90, 0.001, 128, Sigmoid())",0.0,0.2817352381017473
"(1, 90, 0.01, 32, ReLU())",0.028666668105870485,0.5625207755300734
"(1, 90, 0.01, 32, Tanh())",0.0,0.6314210494359335
"(1, 90, 0.01, 32, Sigmoid())",0.0,0.5617603725857205
"(1, 90, 0.01, 64, ReLU())",0.011888889518255988,0.5968391531043582
"(1, 90, 0.01, 64, Tanh())",0.0,0.6116352147526212
"(1, 90, 0.01, 64, Sigmoid())",0.0,0.561036679479811
"(1, 90, 0.01, 128, ReLU())",0.010111111500817869,0.5823073585828146
"(1, 90, 0.01, 128, Tanh())",0.0,0.5716224643919203
"(1, 90, 0.01, 128, Sigmoid())",0.0,0.5195670028527578
"(1, 90, 0.1, 32, ReLU())",0.281500016597824,0.45193788409233093
"(1, 90, 0.1, 32, Tanh())",0.02966666842500369,0.41519226630528766
"(1, 90, 0.1, 32, Sigmoid())",0.0076666670437488295,0.5874548554420471
"(1, 90, 0.1, 64, ReLU())",0.16850001032515946,0.4288857645458645
"(1, 90, 0.1, 64, Tanh())",0.009444444931836592,0.5268453591399722
"(1, 90, 0.1, 64, Sigmoid())",0.00016666667458290854,0.5805721481641134
"(1, 90, 0.1, 128, ReLU())",0.11944444925110373,0.10050257047017415
"(1, 90, 0.1, 128, Tanh())",0.0019444445562031534,0.5185778472158644
"(1, 90, 0.1, 128, Sigmoid())",0.0,0.40799426039059955
"(1, 100, 0.001, 32, ReLU())",0.00016666667458290854,0.5856215324666765
"(1, 100, 0.001, 32, Tanh())",0.0,0.5295286907090081
"(1, 100, 0.001, 32, Sigmoid())",0.0,0.47416001558303833
"(1, 100, 0.001, 64, ReLU())",0.0,0.5359870228502486
"(1, 100, 0.001, 64, Tanh())",0.0,0.5301244722472297
"(1, 100, 0.001, 64, Sigmoid())",0.0,0.3739415142271254
"(1, 100, 0.001, 128, ReLU())",0.0,0.4437720047103034
"(1, 100, 0.001, 128, Tanh())",0.0,0.4800693525208367
"(1, 100, 0.001, 128, Sigmoid())",0.0,0.2695394092135959
"(1, 100, 0.01, 32, ReLU())",0.02616666776723125,0.6003543999460008
"(1, 100, 0.01, 32, Tanh())",0.0,0.6229933864540524
"(1, 100, 0.01, 32, Sigmoid())",0.0,0.5759204626083374
"(1, 100, 0.01, 64, ReLU())",0.016888889354757138,0.6335514121585422
"(1, 100, 0.01, 64, Tanh())",0.0,0.6099886231952243
"(1, 100, 0.01, 64, Sigmoid())",0.0,0.5573640995555453
"(1, 100, 0.01, 128, ReLU())",0.009388889334837182,0.605058878660202
"(1, 100, 0.01, 128, Tanh())",0.0,0.5804155137803819
"(1, 100, 0.01, 128, Sigmoid())",0.0,0.5337445537249247
"(1, 100, 0.1, 32, ReLU())",0.3397222368900354,0.44694124658902484
"(1, 100, 0.1, 32, Tanh())",0.014555556596153311,0.3602559831407335
"(1, 100, 0.1, 32, Sigmoid())",0.004388889065012336,0.5911189052793715
"(1, 100, 0.1, 64, ReLU())",0.19255556617604774,0.42377742793824935
"(1, 100, 0.1, 64, Tanh())",0.0035000001209684545,0.4898122979534997
"(1, 100, 0.1, 64, Sigmoid())",5.555555819430285e-05,0.5568883650832706
"(1, 100, 0.1, 128, ReLU())",0.17566667520441115,0.07801234722137451
"(1, 100, 0.1, 128, Tanh())",0.0013888889031174283,0.5030970275402069
"(1, 100, 0.1, 128, Sigmoid())",0.0,0.4711831774976518
"(2, 10, 0.001, 32, ReLU())",0.0,0.40079529417885673
"(2, 10, 0.001, 32, Tanh())",0.0,0.44598859548568726
"(2, 10, 0.001, 32, Sigmoid())",0.0,0.25344889362653095
"(2, 10, 0.001, 64, ReLU())",0.0,0.24856670366393196
"(2, 10, 0.001, 64, Tanh())",0.0,0.3498973018593258
"(2, 10, 0.001, 64, Sigmoid())",0.0,0.16038990020751953
"(2, 10, 0.001, 128, ReLU())",0.0,0.18844113416141933
"(2, 10, 0.001, 128, Tanh())",0.0,0.2103686531384786
"(2, 10, 0.001, 128, Sigmoid())",0.0,0.13287575708495247
"(2, 10, 0.01, 32, ReLU())",0.002944444590765569,0.6038712958494822
"(2, 10, 0.01, 32, Tanh())",0.0,0.6231609185536703
"(2, 10, 0.01, 32, Sigmoid())",0.0,0.553470340039995
"(2, 10, 0.01, 64, ReLU())",0.0036666668278889526,0.6016500824027591
"(2, 10, 0.01, 64, Tanh())",0.0,0.5690751406881545
"(2, 10, 0.01, 64, Sigmoid())",0.0,0.514094677236345
"(2, 10, 0.01, 128, ReLU())",0.0009444444828356305,0.5528349644607968
"(2, 10, 0.01, 128, Tanh())",0.0,0.5292724900775485
"(2, 10, 0.01, 128, Sigmoid())",0.0,0.4285084472762214
"(2, 10, 0.1, 32, ReLU())",0.1315555620369398,0.565095990896225
"(2, 10, 0.1, 32, Tanh())",5.555555819430285e-05,0.5849422183301713
"(2, 10, 0.1, 32, Sigmoid())",0.001444444467779249,0.6373995708094703
"(2, 10, 0.1, 64, ReLU())",0.05033333507081908,0.5727579560544755
"(2, 10, 0.1, 64, Tanh())",0.0,0.600900971227222
"(2, 10, 0.1, 64, Sigmoid())",0.0,0.6116322080294291
"(2, 10, 0.1, 128, ReLU())",0.04244444593657843,0.5938605699274275
"(2, 10, 0.1, 128, Tanh())",0.0,0.5602781143453386
"(2, 10, 0.1, 128, Sigmoid())",0.0,0.540927357143826
"(2, 20, 0.001, 32, ReLU())",0.0,0.4644739263587528
"(2, 20, 0.001, 32, Tanh())",0.0,0.5083157089021471
"(2, 20, 0.001, 32, Sigmoid())",0.0,0.3239232036802504
"(2, 20, 0.001, 64, ReLU())",0.0,0.3513040973080529
"(2, 20, 0.001, 64, Tanh())",0.0,0.4217786126666599
"(2, 20, 0.001, 64, Sigmoid())",0.0,0.23965841200616625
"(2, 20, 0.001, 128, ReLU())",0.0,0.2600482602914174
"(2, 20, 0.001, 128, Tanh())",0.0,0.311110688580407
"(2, 20, 0.001, 128, Sigmoid())",0.0,0.1525819566514757
"(2, 20, 0.01, 32, ReLU())",0.008611111468376799,0.5681900878747305
"(2, 20, 0.01, 32, Tanh())",0.0,0.6160686810811361
"(2, 20, 0.01, 32, Sigmoid())",0.0,0.5494185752338834
"(2, 20, 0.01, 64, ReLU())",0.004055555838729358,0.6017188529173533
"(2, 20, 0.01, 64, Tanh())",0.0,0.5869904855887095
"(2, 20, 0.01, 64, Sigmoid())",0.0,0.5283681882752312
"(2, 20, 0.01, 128, ReLU())",0.0006666666918641163,0.5338759687211778
"(2, 20, 0.01, 128, Tanh())",0.0,0.5928519368171692
"(2, 20, 0.01, 128, Sigmoid())",0.0,0.4861161145899031
"(2, 20, 0.1, 32, ReLU())",0.1696111175050545,0.5223758286899991
"(2, 20, 0.1, 32, Tanh())",0.0005000000302162436,0.5057600140571594
"(2, 20, 0.1, 32, Sigmoid())",0.00044444445908690494,0.6366624997721778
"(2, 20, 0.1, 64, ReLU())",0.13277778489929107,0.5674866603480445
"(2, 20, 0.1, 64, Tanh())",0.0008333333470444712,0.5951231055789523
"(2, 20, 0.1, 64, Sigmoid())",0.0,0.638110359509786
"(2, 20, 0.1, 128, ReLU())",0.07277778073007034,0.5424837370713552
"(2, 20, 0.1, 128, Tanh())",0.0007222222629934549,0.5989921987056732
"(2, 20, 0.1, 128, Sigmoid())",0.0,0.5649887290265825
"(2, 30, 0.001, 32, ReLU())",0.0,0.49456508292092216
"(2, 30, 0.001, 32, Tanh())",0.0,0.5140672425429026
"(2, 30, 0.001, 32, Sigmoid())",0.0,0.38207267059220207
"(2, 30, 0.001, 64, ReLU())",0.0,0.3978641761673821
"(2, 30, 0.001, 64, Tanh())",0.0,0.4516674511962467
"(2, 30, 0.001, 64, Sigmoid())",0.0,0.27327750126520794
"(2, 30, 0.001, 128, ReLU())",0.0,0.29344194796350265
"(2, 30, 0.001, 128, Tanh())",0.0,0.34143127004305523
"(2, 30, 0.001, 128, Sigmoid())",0.0,0.1913019319375356
"(2, 30, 0.01, 32, ReLU())",0.014888889628410753,0.6008935934967465
"(2, 30, 0.01, 32, Tanh())",0.0,0.6241957346598307
"(2, 30, 0.01, 32, Sigmoid())",0.0,0.5763646331098344
"(2, 30, 0.01, 64, ReLU())",0.007611111492022044,0.584359218676885
"(2, 30, 0.01, 64, Tanh())",0.0,0.6022074951065911
"(2, 30, 0.01, 64, Sigmoid())",0.0,0.5541742344697317
"(2, 30, 0.01, 128, ReLU())",0.0052222223991217715,0.5264075166649289
"(2, 30, 0.01, 128, Tanh())",0.0,0.5610584417978922
"(2, 30, 0.01, 128, Sigmoid())",0.0,0.5116850137710571
"(2, 30, 0.1, 32, ReLU())",0.18605556491012168,0.26679062843322754
"(2, 30, 0.1, 32, Tanh())",0.003055555681284103,0.5290477772553762
"(2, 30, 0.1, 32, Sigmoid())",0.00033333335563333496,0.6203019022941589
"(2, 30, 0.1, 64, ReLU())",0.12083333824476641,0.5409199628565047
"(2, 30, 0.1, 64, Tanh())",0.0,0.5862769318951501
"(2, 30, 0.1, 64, Sigmoid())",0.0,0.6598635017871857
"(2, 30, 0.1, 128, ReLU())",0.07894444884085614,0.5118178394105699
"(2, 30, 0.1, 128, Tanh())",0.0,0.5855335195859274
"(2, 30, 0.1, 128, Sigmoid())",0.0,0.5598006016678281
"(2, 40, 0.001, 32, ReLU())",0.0,0.525263249874115
"(2, 40, 0.001, 32, Tanh())",0.0,0.5321055716938443
"(2, 40, 0.001, 32, Sigmoid())",0.0,0.3947681287924449
"(2, 40, 0.001, 64, ReLU())",0.0,0.4446233808994293
"(2, 40, 0.001, 64, Tanh())",0.0,0.48730769753456116
"(2, 40, 0.001, 64, Sigmoid())",0.0,0.29848524928092957
"(2, 40, 0.001, 128, ReLU())",0.0,0.33485443393389386
"(2, 40, 0.001, 128, Tanh())",0.0,0.37885191705491805
"(2, 40, 0.001, 128, Sigmoid())",0.0,0.2098113629553053
"(2, 40, 0.01, 32, ReLU())",0.026111111879193533,0.6011348995897505
"(2, 40, 0.01, 32, Tanh())",0.0,0.6211632258362241
"(2, 40, 0.01, 32, Sigmoid())",0.0,0.5613229407204522
"(2, 40, 0.01, 64, ReLU())",0.010000000533182174,0.5805406736003028
"(2, 40, 0.01, 64, Tanh())",0.0,0.6175343559847938
"(2, 40, 0.01, 64, Sigmoid())",0.0,0.5415829751226637
"(2, 40, 0.01, 128, ReLU())",0.0038333334183941283,0.5575333899921842
"(2, 40, 0.01, 128, Tanh())",0.0,0.5926093492243025
"(2, 40, 0.01, 128, Sigmoid())",0.0,0.4929027689827813
"(2, 40, 0.1, 32, ReLU())",0.1678888974323248,0.22676369878980848
"(2, 40, 0.1, 32, Tanh())",0.003277777894658761,0.48939106861750287
"(2, 40, 0.1, 32, Sigmoid())",0.001111111163886057,0.6064974400732253
"(2, 40, 0.1, 64, ReLU())",0.13566667126724496,0.5003728071848551
"(2, 40, 0.1, 64, Tanh())",0.0009444444828356305,0.5832622150580088
"(2, 40, 0.1, 64, Sigmoid())",0.0001111111163886057,0.6193713082207574
"(2, 40, 0.1, 128, ReLU())",0.10588889430639231,0.01498512758149041
"(2, 40, 0.1, 128, Tanh())",0.0007222222759284907,0.544104191992018
"(2, 40, 0.1, 128, Sigmoid())",0.0,0.5301072895526886
"(2, 50, 0.001, 32, ReLU())",0.0,0.5417653520901998
"(2, 50, 0.001, 32, Tanh())",0.0,0.5360660453637441
"(2, 50, 0.001, 32, Sigmoid())",0.0,0.4076070520612929
"(2, 50, 0.001, 64, ReLU())",0.0001111111163886057,0.4661521381802029
"(2, 50, 0.001, 64, Tanh())",0.0,0.4981983568933275
"(2, 50, 0.001, 64, Sigmoid())",0.0,0.30736929840511745
"(2, 50, 0.001, 128, ReLU())",0.0,0.3517574734157986
"(2, 50, 0.001, 128, Tanh())",0.0,0.4026464819908142
"(2, 50, 0.001, 128, Sigmoid())",0.0,0.210560056898329
"(2, 50, 0.01, 32, ReLU())",0.019944445236534294,0.6031581362088522
"(2, 50, 0.01, 32, Tanh())",0.0,0.6328509151935577
"(2, 50, 0.01, 32, Sigmoid())",0.0,0.5543883542219797
"(2, 50, 0.01, 64, ReLU())",0.01133333369054728,0.5862714416450925
"(2, 50, 0.01, 64, Tanh())",0.0,0.6018266677856445
"(2, 50, 0.01, 64, Sigmoid())",0.0,0.5781094630559286
"(2, 50, 0.01, 128, ReLU())",0.013111111902010938,0.5700012312995063
"(2, 50, 0.01, 128, Tanh())",0.0,0.58696624967787
"(2, 50, 0.01, 128, Sigmoid())",0.0,0.5111181404855516
"(2, 50, 0.1, 32, ReLU())",0.2228333420999762,0.3234998948044247
"(2, 50, 0.1, 32, Tanh())",0.011444444696988083,0.5018255346351199
"(2, 50, 0.1, 32, Sigmoid())",0.00222222234070715,0.6151537696520487
"(2, 50, 0.1, 64, ReLU())",0.1398888971760041,0.5035887393686507
"(2, 50, 0.1, 64, Tanh())",0.0035000001274359724,0.5626749893029531
"(2, 50, 0.1, 64, Sigmoid())",0.0005000000172812077,0.6197825372219086
"(2, 50, 0.1, 128, ReLU())",0.10677778360614967,0.3240225745571984
"(2, 50, 0.1, 128, Tanh())",0.0002777777974390321,0.5391043093469408
"(2, 50, 0.1, 128, Sigmoid())",0.0,0.5321733421749539
"(2, 60, 0.001, 32, ReLU())",0.0,0.5620313386122385
"(2, 60, 0.001, 32, Tanh())",0.0,0.5245387918419309
"(2, 60, 0.001, 32, Sigmoid())",0.0,0.4391077227062649
"(2, 60, 0.001, 64, ReLU())",0.00016666667458290854,0.5008486774232652
"(2, 60, 0.001, 64, Tanh())",0.0,0.5162957708040873
"(2, 60, 0.001, 64, Sigmoid())",0.0,0.3306601411766476
"(2, 60, 0.001, 128, ReLU())",0.0001111111163886057,0.3673139678107368
"(2, 60, 0.001, 128, Tanh())",0.0,0.40903089112705654
"(2, 60, 0.001, 128, Sigmoid())",0.0,0.23488962981435987
"(2, 60, 0.01, 32, ReLU())",0.026666667687499687,0.5915934774610732
"(2, 60, 0.01, 32, Tanh())",0.0,0.6150279144446055
"(2, 60, 0.01, 32, Sigmoid())",0.0,0.5679835445351071
"(2, 60, 0.01, 64, ReLU())",0.013833334029186517,0.5957419276237488
"(2, 60, 0.01, 64, Tanh())",0.0,0.6139382322629293
"(2, 60, 0.01, 64, Sigmoid())",0.0,0.5395393768946329
"(2, 60, 0.01, 128, ReLU())",0.002777777838572446,0.6038092076778412
"(2, 60, 0.01, 128, Tanh())",0.0,0.589419855011834
"(2, 60, 0.01, 128, Sigmoid())",0.0,0.5295230315791236
"(2, 60, 0.1, 32, ReLU())",0.20922222843445423,-1.0643678208192189
"(2, 60, 0.1, 32, Tanh())",0.021111111829264298,0.4658904771010081
"(2, 60, 0.1, 32, Sigmoid())",0.006333333621215489,0.6257235871420966
"(2, 60, 0.1, 64, ReLU())",0.14777778521723425,0.5000159839789072
"(2, 60, 0.1, 64, Tanh())",0.0021666667566427756,0.5418412420484755
"(2, 60, 0.1, 64, Sigmoid())",5.555555819430285e-05,0.5544019705719418
"(2, 60, 0.1, 128, ReLU())",0.1130000053348744,0.43831149737040204
"(2, 60, 0.1, 128, Tanh())",0.00033333333623078134,0.5534908738401201
"(2, 60, 0.1, 128, Sigmoid())",0.0,0.462160587310791
"(2, 70, 0.001, 32, ReLU())",0.00016666667458290854,0.5572527448336283
"(2, 70, 0.001, 32, Tanh())",0.0,0.5627471274799771
"(2, 70, 0.001, 32, Sigmoid())",0.0,0.42594286137157017
"(2, 70, 0.001, 64, ReLU())",0.0,0.542809804280599
"(2, 70, 0.001, 64, Tanh())",0.0,0.5217898421817355
"(2, 70, 0.001, 64, Sigmoid())",0.0,0.34339744514889187
"(2, 70, 0.001, 128, ReLU())",0.0001111111163886057,0.42016564144028556
"(2, 70, 0.001, 128, Tanh())",0.0,0.45081129007869297
"(2, 70, 0.001, 128, Sigmoid())",0.0,0.24833516610993278
"(2, 70, 0.01, 32, ReLU())",0.028000001433408923,0.6059402492311265
"(2, 70, 0.01, 32, Tanh())",0.0,0.6368673675590091
"(2, 70, 0.01, 32, Sigmoid())",0.0,0.5548561811447144
"(2, 70, 0.01, 64, ReLU())",0.016666667484160926,0.59353150261773
"(2, 70, 0.01, 64, Tanh())",0.0,0.6035038100348579
"(2, 70, 0.01, 64, Sigmoid())",0.0,0.5486393537786272
"(2, 70, 0.01, 128, ReLU())",0.006722222541510645,0.6007194287247128
"(2, 70, 0.01, 128, Tanh())",0.0,0.5826813247468736
"(2, 70, 0.01, 128, Sigmoid())",0.0,0.5332746770646837
"(2, 70, 0.1, 32, ReLU())",0.24305556677669907,0.3505993452337053
"(2, 70, 0.1, 32, Tanh())",0.020722222811956372,0.4695729480849372
"(2, 70, 0.1, 32, Sigmoid())",0.00044444445261938707,0.6192243297894796
"(2, 70, 0.1, 64, ReLU())",0.16616667442334196,0.3831761313809289
"(2, 70, 0.1, 64, Tanh())",0.0060000001750369035,0.546469294362598
"(2, 70, 0.1, 64, Sigmoid())",0.0007222222500584192,0.5891754031181335
"(2, 70, 0.1, 128, ReLU())",0.11805556111762093,0.279969463745753
"(2, 70, 0.1, 128, Tanh())",0.0021111111919809547,0.5205530855390761
"(2, 70, 0.1, 128, Sigmoid())",0.0,0.5178192522790697
"(2, 80, 0.001, 32, ReLU())",0.0,0.5555611683262719
"(2, 80, 0.001, 32, Tanh())",0.0,0.522979908519321
"(2, 80, 0.001, 32, Sigmoid())",0.0,0.4427335295412276
"(2, 80, 0.001, 64, ReLU())",0.0,0.49107592966821456
"(2, 80, 0.001, 64, Tanh())",0.0,0.5124305420451694
"(2, 80, 0.001, 64, Sigmoid())",0.0,0.35129470626513165
"(2, 80, 0.001, 128, ReLU())",5.555555819430285e-05,0.4107809927728441
"(2, 80, 0.001, 128, Tanh())",0.0,0.4275345636738671
"(2, 80, 0.001, 128, Sigmoid())",0.0,0.27566851178805035
"(2, 80, 0.01, 32, ReLU())",0.02877777864665,0.6009077098634508
"(2, 80, 0.01, 32, Tanh())",0.0,0.6161701149410672
"(2, 80, 0.01, 32, Sigmoid())",0.0,0.5691119498676724
"(2, 80, 0.01, 64, ReLU())",0.015277778471095694,0.6047495206197103
"(2, 80, 0.01, 64, Tanh())",0.0,0.6155447860558828
"(2, 80, 0.01, 64, Sigmoid())",0.0,0.5717837976084815
"(2, 80, 0.01, 128, ReLU())",0.005222222496134539,0.5969243579440646
"(2, 80, 0.01, 128, Tanh())",0.0,0.558534112241533
"(2, 80, 0.01, 128, Sigmoid())",0.0,0.5000935759809282
"(2, 80, 0.1, 32, ReLU())",0.17855556010423848,0.16760264171494377
"(2, 80, 0.1, 32, Tanh())",0.038333335218744144,0.3873603045940399
"(2, 80, 0.1, 32, Sigmoid())",0.0051111115026287735,0.6592489083607992
"(2, 80, 0.1, 64, ReLU())",0.17261111815201324,0.4629220167795817
"(2, 80, 0.1, 64, Tanh())",0.0037222224248883626,0.5236186815632714
"(2, 80, 0.1, 64, Sigmoid())",5.555555819430285e-05,0.5845872660477957
"(2, 80, 0.1, 128, ReLU())",0.1227222290278102,0.2882244421376122
"(2, 80, 0.1, 128, Tanh())",0.0022222222954345248,0.53254524535603
"(2, 80, 0.1, 128, Sigmoid())",0.0,0.4811910821331872
"(2, 90, 0.001, 32, ReLU())",0.0003333333491658171,0.5415169265535142
"(2, 90, 0.001, 32, Tanh())",0.0,0.5484902461369833
"(2, 90, 0.001, 32, Sigmoid())",0.0,0.46200381716092426
"(2, 90, 0.001, 64, ReLU())",0.0,0.5114691853523254
"(2, 90, 0.001, 64, Tanh())",0.0,0.5226416885852814
"(2, 90, 0.001, 64, Sigmoid())",0.0,0.35944675074683297
"(2, 90, 0.001, 128, ReLU())",0.0,0.43391167124112445
"(2, 90, 0.001, 128, Tanh())",0.0,0.4820677571826511
"(2, 90, 0.001, 128, Sigmoid())",0.0,0.2742621997992198
"(2, 90, 0.01, 32, ReLU())",0.026388889967670873,0.626305898030599
"(2, 90, 0.01, 32, Tanh())",0.0,0.64505226082272
"(2, 90, 0.01, 32, Sigmoid())",0.0,0.5559497641192542
"(2, 90, 0.01, 64, ReLU())",0.03555555646178416,0.6002075341012743
"(2, 90, 0.01, 64, Tanh())",0.0,0.6098893847730424
"(2, 90, 0.01, 64, Sigmoid())",0.0,0.5411457750532362
"(2, 90, 0.01, 128, ReLU())",0.006500000185850594,0.5996963414880965
"(2, 90, 0.01, 128, Tanh())",0.0,0.5657974978288015
"(2, 90, 0.01, 128, Sigmoid())",0.0,0.5269054041968452
"(2, 90, 0.1, 32, ReLU())",0.29022223512745565,0.48784787787331474
"(2, 90, 0.1, 32, Tanh())",0.022166668004097625,0.34670348631011116
"(2, 90, 0.1, 32, Sigmoid())",0.009555555931809876,0.5947522719701132
"(2, 90, 0.1, 64, ReLU())",0.20300000715845576,0.5251279539532132
"(2, 90, 0.1, 64, Tanh())",0.01000000051377962,0.5243588984012604
"(2, 90, 0.1, 64, Sigmoid())",5.555555819430285e-05,0.5872703890005747
"(2, 90, 0.1, 128, ReLU())",0.13216667502678725,0.285870224237442
"(2, 90, 0.1, 128, Tanh())",0.002222222288967007,0.5316611164145999
"(2, 90, 0.1, 128, Sigmoid())",0.0,0.43673402070999146
"(2, 100, 0.001, 32, ReLU())",0.0002222222327772114,0.5642498234907786
"(2, 100, 0.001, 32, Tanh())",0.0,0.5530823336707221
"(2, 100, 0.001, 32, Sigmoid())",0.0,0.4711415734555986
"(2, 100, 0.001, 64, ReLU())",0.0001111111163886057,0.5273105965720283
"(2, 100, 0.001, 64, Tanh())",0.0,0.5349524749649895
"(2, 100, 0.001, 64, Sigmoid())",0.0,0.38238560160001117
"(2, 100, 0.001, 128, ReLU())",0.0001111111163886057,0.4527817732757992
"(2, 100, 0.001, 128, Tanh())",0.0,0.4903488788339827
"(2, 100, 0.001, 128, Sigmoid())",0.0,0.2710273928112454
"(2, 100, 0.01, 32, ReLU())",0.02950000110366899,0.5841420922014449
"(2, 100, 0.01, 32, Tanh())",0.0,0.6191573904620277
"(2, 100, 0.01, 32, Sigmoid())",0.0,0.5666214459472232
"(2, 100, 0.01, 64, ReLU())",0.009277778257253684,0.5976411137315962
"(2, 100, 0.01, 64, Tanh())",0.0,0.6084742281172011
"(2, 100, 0.01, 64, Sigmoid())",0.0,0.5520478089650472
"(2, 100, 0.01, 128, ReLU())",0.005944444726790405,0.5986680653360155
"(2, 100, 0.01, 128, Tanh())",0.0,0.5862386557790968
"(2, 100, 0.01, 128, Sigmoid())",0.0,0.5155674053563012
"(2, 100, 0.1, 32, ReLU())",0.3143889023404982,-2.768092304468155
"(2, 100, 0.1, 32, Tanh())",0.018777778514453933,0.38580230871836346
"(2, 100, 0.1, 32, Sigmoid())",0.0026666667351188758,0.6304106149408553
"(2, 100, 0.1, 64, ReLU())",0.21011112000431037,0.4329623149500953
"(2, 100, 0.1, 64, Tanh())",0.007944444789447717,0.5165664354960123
"(2, 100, 0.1, 64, Sigmoid())",0.0006666666983316342,0.5786784622404311
"(2, 100, 0.1, 128, ReLU())",0.13888889622305417,0.27530645661883885
"(2, 100, 0.1, 128, Tanh())",0.0024444445476142895,0.5100358724594116
"(2, 100, 0.1, 128, Sigmoid())",0.0002222222327772114,0.44170069363382125
"(3, 10, 0.001, 32, ReLU())",0.0,0.40203660395410323
"(3, 10, 0.001, 32, Tanh())",0.0,0.4757503834035661
"(3, 10, 0.001, 32, Sigmoid())",0.0,0.1317343215147654
"(3, 10, 0.001, 64, ReLU())",0.0,0.2505609624915653
"(3, 10, 0.001, 64, Tanh())",0.0,0.35409458809428745
"(3, 10, 0.001, 64, Sigmoid())",0.0,0.048613528410593666
"(3, 10, 0.001, 128, ReLU())",0.0,0.12843291627036202
"(3, 10, 0.001, 128, Tanh())",0.0,0.20527604553434584
"(3, 10, 0.001, 128, Sigmoid())",0.0,-0.00031319260597229004
"(3, 10, 0.01, 32, ReLU())",0.013777778257564124,0.6266893115308549
"(3, 10, 0.01, 32, Tanh())",0.0,0.6118844615088569
"(3, 10, 0.01, 32, Sigmoid())",0.0,0.5503148900138007
"(3, 10, 0.01, 64, ReLU())",0.011666667052648134,0.5663741462760501
"(3, 10, 0.01, 64, Tanh())",0.0,0.5963381793763902
"(3, 10, 0.01, 64, Sigmoid())",0.0,0.4818876518143548
"(3, 10, 0.01, 128, ReLU())",0.0013888889354550177,0.5326501760217879
"(3, 10, 0.01, 128, Tanh())",0.0,0.5325626962714725
"(3, 10, 0.01, 128, Sigmoid())",0.0,0.331268052260081
"(3, 10, 0.1, 32, ReLU())",0.09705556012664197,0.5700999101003011
"(3, 10, 0.1, 32, Tanh())",0.0,0.5227328307098813
"(3, 10, 0.1, 32, Sigmoid())",0.0,0.6361650625864664
"(3, 10, 0.1, 64, ReLU())",0.043222223945324205,0.5261759493086073
"(3, 10, 0.1, 64, Tanh())",0.0,0.565546582142512
"(3, 10, 0.1, 64, Sigmoid())",0.0,0.6296311318874359
"(3, 10, 0.1, 128, ReLU())",0.03900000132853165,0.5684619314140744
"(3, 10, 0.1, 128, Tanh())",0.0,0.5595114429791769
"(3, 10, 0.1, 128, Sigmoid())",0.0,0.5591223935286204
"(3, 20, 0.001, 32, ReLU())",0.0,0.5150736835267808
"(3, 20, 0.001, 32, Tanh())",0.0,0.5284982257419162
"(3, 20, 0.001, 32, Sigmoid())",0.0,0.22135843833287558
"(3, 20, 0.001, 64, ReLU())",0.0,0.4066805773311191
"(3, 20, 0.001, 64, Tanh())",0.0,0.4672486484050751
"(3, 20, 0.001, 64, Sigmoid())",0.0,0.1313398215505812
"(3, 20, 0.001, 128, ReLU())",0.0,0.22252624895837572
"(3, 20, 0.001, 128, Tanh())",0.0,0.32440055741204155
"(3, 20, 0.001, 128, Sigmoid())",0.0,0.05386404527558221
"(3, 20, 0.01, 32, ReLU())",0.021000000512382638,0.6299788521395789
"(3, 20, 0.01, 32, Tanh())",0.0,0.6850899159908295
"(3, 20, 0.01, 32, Sigmoid())",0.0,0.5913734667830997
"(3, 20, 0.01, 64, ReLU())",0.01583333396896099,0.6375845935609605
"(3, 20, 0.01, 64, Tanh())",0.0,0.6239051752620273
"(3, 20, 0.01, 64, Sigmoid())",0.0,0.5336994495656755
"(3, 20, 0.01, 128, ReLU())",0.006000000304387261,0.5884680681758456
"(3, 20, 0.01, 128, Tanh())",0.0,0.5993339452478621
"(3, 20, 0.01, 128, Sigmoid())",0.0,0.4421895874871148
"(3, 20, 0.1, 32, ReLU())",0.11005556067943366,0.5278731385866801
"(3, 20, 0.1, 32, Tanh())",0.0,0.5005949570073022
"(3, 20, 0.1, 32, Sigmoid())",0.0,0.6297183599736955
"(3, 20, 0.1, 64, ReLU())",0.14572223175006607,0.5927534964349535
"(3, 20, 0.1, 64, Tanh())",0.0,0.5638453231917487
"(3, 20, 0.1, 64, Sigmoid())",0.0,0.589635024468104
"(3, 20, 0.1, 128, ReLU())",0.08811111646678506,0.5378994776142968
"(3, 20, 0.1, 128, Tanh())",0.0,0.5270505315727658
"(3, 20, 0.1, 128, Sigmoid())",0.0,0.5135026574134827
"(3, 30, 0.001, 32, ReLU())",0.00016666667458290854,0.5597279104921553
"(3, 30, 0.001, 32, Tanh())",0.0,0.5544810129536523
"(3, 30, 0.001, 32, Sigmoid())",0.0,0.3214200536410014
"(3, 30, 0.001, 64, ReLU())",0.0,0.4699292878309886
"(3, 30, 0.001, 64, Tanh())",0.0,0.5144562290774451
"(3, 30, 0.001, 64, Sigmoid())",0.0,0.16108818517790902
"(3, 30, 0.001, 128, ReLU())",0.0,0.31305137607786393
"(3, 30, 0.001, 128, Tanh())",0.0,0.42358938852945965
"(3, 30, 0.001, 128, Sigmoid())",0.0,0.08055939939286974
"(3, 30, 0.01, 32, ReLU())",0.018166667581277177,0.6189782387680478
"(3, 30, 0.01, 32, Tanh())",0.0,0.6984835498862796
"(3, 30, 0.01, 32, Sigmoid())",0.0,0.5797182685799069
"(3, 30, 0.01, 64, ReLU())",0.016777778341848817,0.6236823664771186
"(3, 30, 0.01, 64, Tanh())",0.0,0.6444987157980601
"(3, 30, 0.01, 64, Sigmoid())",0.0,0.5607990821202596
"(3, 30, 0.01, 128, ReLU())",0.01033333375946515,0.5905983845392863
"(3, 30, 0.01, 128, Tanh())",0.0,0.5835945043298933
"(3, 30, 0.01, 128, Sigmoid())",0.0,0.46467093957795036
"(3, 30, 0.1, 32, ReLU())",0.18311112269293517,0.3499067525068919
"(3, 30, 0.1, 32, Tanh())",0.0,0.480212711625629
"(3, 30, 0.1, 32, Sigmoid())",0.0,0.5995701286527846
"(3, 30, 0.1, 64, ReLU())",0.13505556078679445,0.5109176072809432
"(3, 30, 0.1, 64, Tanh())",0.0,0.47880227698220146
"(3, 30, 0.1, 64, Sigmoid())",0.0,0.5414469208982255
"(3, 30, 0.1, 128, ReLU())",0.08283333811495039,0.4506905972957611
"(3, 30, 0.1, 128, Tanh())",0.0,0.5182788405153487
"(3, 30, 0.1, 128, Sigmoid())",0.0,0.4054644438955519
"(3, 40, 0.001, 32, ReLU())",0.0002222222327772114,0.5772019624710083
"(3, 40, 0.001, 32, Tanh())",0.0,0.5711960130267673
"(3, 40, 0.001, 32, Sigmoid())",0.0,0.3564175632264879
"(3, 40, 0.001, 64, ReLU())",0.00016666667458290854,0.5254774888356527
"(3, 40, 0.001, 64, Tanh())",0.0,0.5262534154786004
"(3, 40, 0.001, 64, Sigmoid())",0.0,0.21887682212723625
"(3, 40, 0.001, 128, ReLU())",0.0,0.39657722579108345
"(3, 40, 0.001, 128, Tanh())",0.0,0.45373741454548305
"(3, 40, 0.001, 128, Sigmoid())",0.0,0.1014254026942783
"(3, 40, 0.01, 32, ReLU())",0.016388889706124447,0.6402271158165402
"(3, 40, 0.01, 32, Tanh())",0.0,0.6798552407158746
"(3, 40, 0.01, 32, Sigmoid())",0.0,0.5576581193341149
"(3, 40, 0.01, 64, ReLU())",0.03194444513388185,0.6284382773770226
"(3, 40, 0.01, 64, Tanh())",0.0,0.636079685555564
"(3, 40, 0.01, 64, Sigmoid())",0.0,0.5537314116954803
"(3, 40, 0.01, 128, ReLU())",0.01927777912674679,0.6291014353434244
"(3, 40, 0.01, 128, Tanh())",0.0,0.5880648990472158
"(3, 40, 0.01, 128, Sigmoid())",0.0,0.4699441194534302
"(3, 40, 0.1, 32, ReLU())",0.21444445641504395,0.3442235721482171
"(3, 40, 0.1, 32, Tanh())",0.0001111111163886057,0.38496503896183437
"(3, 40, 0.1, 32, Sigmoid())",0.0,0.5579782492584653
"(3, 40, 0.1, 64, ReLU())",0.1680555645402314,0.3968563775221507
"(3, 40, 0.1, 64, Tanh())",0.0,0.47489410638809204
"(3, 40, 0.1, 64, Sigmoid())",0.0,0.464588377210829
"(3, 40, 0.1, 128, ReLU())",0.14777778261729205,0.45875266525480485
"(3, 40, 0.1, 128, Tanh())",0.0,0.4085116883118947
"(3, 40, 0.1, 128, Sigmoid())",0.0,0.4056458804342482
"(3, 50, 0.001, 32, ReLU())",0.0001111111163886057,0.5984621710247464
"(3, 50, 0.001, 32, Tanh())",0.0,0.570160965124766
"(3, 50, 0.001, 32, Sigmoid())",0.0,0.38257773717244464
"(3, 50, 0.001, 64, ReLU())",0.0,0.5554769602086809
"(3, 50, 0.001, 64, Tanh())",0.0,0.5562091999583774
"(3, 50, 0.001, 64, Sigmoid())",0.0,0.24605514274703133
"(3, 50, 0.001, 128, ReLU())",0.0,0.42174361149470013
"(3, 50, 0.001, 128, Tanh())",0.0,0.48377204603619045
"(3, 50, 0.001, 128, Sigmoid())",0.0,0.12102284365230137
"(3, 50, 0.01, 32, ReLU())",0.03144444578275499,0.6463975442780389
"(3, 50, 0.01, 32, Tanh())",0.0,0.6832795871628655
"(3, 50, 0.01, 32, Sigmoid())",0.0,0.57677361369133
"(3, 50, 0.01, 64, ReLU())",0.02938888978678733,0.5698470307721032
"(3, 50, 0.01, 64, Tanh())",0.0,0.6239365835984548
"(3, 50, 0.01, 64, Sigmoid())",0.0,0.5558220677905612
"(3, 50, 0.01, 128, ReLU())",0.02077777826020287,0.59129070242246
"(3, 50, 0.01, 128, Tanh())",0.0,0.6076241532961527
"(3, 50, 0.01, 128, Sigmoid())",0.0,0.4839721984333462
"(3, 50, 0.1, 32, ReLU())",0.23600001219246122,0.4874848590956794
"(3, 50, 0.1, 32, Tanh())",0.0,0.28512659006648594
"(3, 50, 0.1, 32, Sigmoid())",0.0,0.5024832520220015
"(3, 50, 0.1, 64, ReLU())",0.1826666731762493,0.41744158665339154
"(3, 50, 0.1, 64, Tanh())",0.0,0.40170900689231026
"(3, 50, 0.1, 64, Sigmoid())",0.0,0.5102047191725837
"(3, 50, 0.1, 128, ReLU())",0.14266667384395582,0.41595640116267735
"(3, 50, 0.1, 128, Tanh())",0.0,0.34508100152015686
"(3, 50, 0.1, 128, Sigmoid())",0.0,0.3816669252183702
"(3, 60, 0.001, 32, ReLU())",0.0010000000474974513,0.5865307052930196
"(3, 60, 0.001, 32, Tanh())",0.0,0.5722544756200578
"(3, 60, 0.001, 32, Sigmoid())",0.0,0.4266344341966841
"(3, 60, 0.001, 64, ReLU())",0.00016666667458290854,0.5494079523616366
"(3, 60, 0.001, 64, Tanh())",0.0,0.5502449538972642
"(3, 60, 0.001, 64, Sigmoid())",0.0,0.2833728790283203
"(3, 60, 0.001, 128, ReLU())",0.0,0.477660596370697
"(3, 60, 0.001, 128, Tanh())",0.0,0.5159929792086283
"(3, 60, 0.001, 128, Sigmoid())",0.0,0.14517079459296334
"(3, 60, 0.01, 32, ReLU())",0.02700000108840565,0.6690278781784905
"(3, 60, 0.01, 32, Tanh())",0.0,0.6901383234394921
"(3, 60, 0.01, 32, Sigmoid())",0.0,0.6117226183414459
"(3, 60, 0.01, 64, ReLU())",0.021555556307753757,0.6245281762546964
"(3, 60, 0.01, 64, Tanh())",0.0,0.6363980306519402
"(3, 60, 0.01, 64, Sigmoid())",0.0,0.554211480749978
"(3, 60, 0.01, 128, ReLU())",0.04155555680497653,0.6291836202144623
"(3, 60, 0.01, 128, Tanh())",0.0,0.6057196093930138
"(3, 60, 0.01, 128, Sigmoid())",0.0,0.4906706015268962
"(3, 60, 0.1, 32, ReLU())",0.23116667648880845,0.39179597629441154
"(3, 60, 0.1, 32, Tanh())",0.0005000000172812077,0.31066903471946716
"(3, 60, 0.1, 32, Sigmoid())",0.0,0.5137309696939256
"(3, 60, 0.1, 64, ReLU())",0.18144445217654315,0.35680710275967914
"(3, 60, 0.1, 64, Tanh())",0.0001111111163886057,0.36808454990386963
"(3, 60, 0.1, 64, Sigmoid())",0.0,0.5400199691454569
"(3, 60, 0.1, 128, ReLU())",0.13772222781941915,0.19758188724517822
"(3, 60, 0.1, 128, Tanh())",0.0,0.2533962031205495
"(3, 60, 0.1, 128, Sigmoid())",0.0,0.32951657970746356
"(3, 70, 0.001, 32, ReLU())",0.0012777778320014477,0.6080657773547702
"(3, 70, 0.001, 32, Tanh())",0.0,0.5485368039872911
"(3, 70, 0.001, 32, Sigmoid())",0.0,0.4356738130251567
"(3, 70, 0.001, 64, ReLU())",0.0,0.5761274430486891
"(3, 70, 0.001, 64, Tanh())",0.0,0.5434504648049673
"(3, 70, 0.001, 64, Sigmoid())",0.0,0.30585656894577873
"(3, 70, 0.001, 128, ReLU())",5.555555819430285e-05,0.4833685490820143
"(3, 70, 0.001, 128, Tanh())",0.0,0.5240594148635864
"(3, 70, 0.001, 128, Sigmoid())",0.0,0.17221066024568346
"(3, 70, 0.01, 32, ReLU())",0.039333335460267134,0.6607402231958177
"(3, 70, 0.01, 32, Tanh())",0.0,0.6810886628097959
"(3, 70, 0.01, 32, Sigmoid())",0.0,0.5937658217218187
"(3, 70, 0.01, 64, ReLU())",0.0351111125977089,0.6175958183076646
"(3, 70, 0.01, 64, Tanh())",0.0,0.6537147826618619
"(3, 70, 0.01, 64, Sigmoid())",0.0,0.5680244366327921
"(3, 70, 0.01, 128, ReLU())",0.02811111260153767,0.616632471481959
"(3, 70, 0.01, 128, Tanh())",0.0,0.603454609711965
"(3, 70, 0.01, 128, Sigmoid())",0.0,0.5012473364671072
"(3, 70, 0.1, 32, ReLU())",0.3085555698554445,0.2825736370351579
"(3, 70, 0.1, 32, Tanh())",0.0020555556467216876,0.26843077937761944
"(3, 70, 0.1, 32, Sigmoid())",0.0,0.45226094457838273
"(3, 70, 0.1, 64, ReLU())",0.27055556885251364,0.48470745152897304
"(3, 70, 0.1, 64, Tanh())",0.00038888890089260205,0.3925599290264977
"(3, 70, 0.1, 64, Sigmoid())",0.0,0.46622828973664177
"(3, 70, 0.1, 128, ReLU())",0.19050000833036998,0.3575889534420437
"(3, 70, 0.1, 128, Tanh())",0.0,0.16010350982348123
"(3, 70, 0.1, 128, Sigmoid())",0.0019999999915146166,0.45445332924524945
"(3, 80, 0.001, 32, ReLU())",0.002444444521744218,0.5934736430644989
"(3, 80, 0.001, 32, Tanh())",0.0,0.5683068831761678
"(3, 80, 0.001, 32, Sigmoid())",0.0,0.4384068449338277
"(3, 80, 0.001, 64, ReLU())",0.0,0.5935103098551432
"(3, 80, 0.001, 64, Tanh())",0.0,0.560453302330441
"(3, 80, 0.001, 64, Sigmoid())",0.0,0.29184375206629437
"(3, 80, 0.001, 128, ReLU())",0.0,0.49975713425212437
"(3, 80, 0.001, 128, Tanh())",0.0,0.5248591403166453
"(3, 80, 0.001, 128, Sigmoid())",0.0,0.16734716958469814
"(3, 80, 0.01, 32, ReLU())",0.045388890611421734,0.6415917641586728
"(3, 80, 0.01, 32, Tanh())",0.0,0.6845706469482846
"(3, 80, 0.01, 32, Sigmoid())",0.0,0.5734447505739
"(3, 80, 0.01, 64, ReLU())",0.04111111271453814,0.6399199896388583
"(3, 80, 0.01, 64, Tanh())",0.0,0.6758506860997942
"(3, 80, 0.01, 64, Sigmoid())",0.0,0.5414378278785281
"(3, 80, 0.01, 128, ReLU())",0.042222223458035536,0.615260534816318
"(3, 80, 0.01, 128, Tanh())",0.0,0.6044274469216665
"(3, 80, 0.01, 128, Sigmoid())",0.0,0.4920167658064101
"(3, 80, 0.1, 32, ReLU())",0.41905557306017727,0.3389903141392602
"(3, 80, 0.1, 32, Tanh())",0.004888889108163615,0.2701472043991089
"(3, 80, 0.1, 32, Sigmoid())",0.004444444759024514,0.4909477300114102
"(3, 80, 0.1, 64, ReLU())",0.24161112199201146,0.37586936354637146
"(3, 80, 0.1, 64, Tanh())",0.0,0.2905392183197869
"(3, 80, 0.1, 64, Sigmoid())",0.0,0.4396730429596371
"(3, 80, 0.1, 128, ReLU())",0.2628333469296599,0.3316158884101444
"(3, 80, 0.1, 128, Tanh())",0.002166666685500079,0.15919083025720385
"(3, 80, 0.1, 128, Sigmoid())",0.0,0.3213898837566376
"(3, 90, 0.001, 32, ReLU())",0.003000000142492354,0.5865461826324463
"(3, 90, 0.001, 32, Tanh())",0.0,0.5611215995417701
"(3, 90, 0.001, 32, Sigmoid())",0.0,0.4606553051206801
"(3, 90, 0.001, 64, ReLU())",0.00038888890736012,0.5905469589763217
"(3, 90, 0.001, 64, Tanh())",0.0,0.5917016102208031
"(3, 90, 0.001, 64, Sigmoid())",0.0,0.34197357296943665
"(3, 90, 0.001, 128, ReLU())",0.00016666667458290854,0.5443734659088982
"(3, 90, 0.001, 128, Tanh())",0.0,0.5429651339848837
"(3, 90, 0.001, 128, Sigmoid())",0.0,0.20495526327027214
"(3, 90, 0.01, 32, ReLU())",0.04694444614384944,0.659016340970993
"(3, 90, 0.01, 32, Tanh())",0.0,0.6752686699231466
"(3, 90, 0.01, 32, Sigmoid())",0.0,0.5705550279882219
"(3, 90, 0.01, 64, ReLU())",0.03927778001202063,0.6410966018835703
"(3, 90, 0.01, 64, Tanh())",0.0,0.6512474384572771
"(3, 90, 0.01, 64, Sigmoid())",0.0,0.5631131231784821
"(3, 90, 0.01, 128, ReLU())",0.04005555708297632,0.6171982222133212
"(3, 90, 0.01, 128, Tanh())",0.0,0.6047558387120565
"(3, 90, 0.01, 128, Sigmoid())",0.0,0.5099642044968076
"(3, 90, 0.1, 32, ReLU())",0.3755000173631642,0.38374314374393886
"(3, 90, 0.1, 32, Tanh())",0.00022222222630969353,0.3271147443188561
"(3, 90, 0.1, 32, Sigmoid())",0.0,0.4247141182422638
"(3, 90, 0.1, 64, ReLU())",0.42377780211002875,0.3317868908246358
"(3, 90, 0.1, 64, Tanh())",0.00044444445908690494,0.3061228195826213
"(3, 90, 0.1, 64, Sigmoid())",0.0,0.4607408708996243
"(3, 90, 0.1, 128, ReLU())",0.31366667749049765,0.04532827602492438
"(3, 90, 0.1, 128, Tanh())",0.0036111112050194708,0.15812767214245266
"(3, 90, 0.1, 128, Sigmoid())",0.0013333333449231253,0.23401718338330588
"(3, 100, 0.001, 32, ReLU())",0.002500000131678664,0.6148904860019684
"(3, 100, 0.001, 32, Tanh())",0.0,0.5818519790967306
"(3, 100, 0.001, 32, Sigmoid())",0.0,0.4910349382294549
"(3, 100, 0.001, 64, ReLU())",0.00027777779097151425,0.5996392832862006
"(3, 100, 0.001, 64, Tanh())",0.0,0.5521650446785821
"(3, 100, 0.001, 64, Sigmoid())",0.0,0.37882764471901786
"(3, 100, 0.001, 128, ReLU())",5.555555819430285e-05,0.5314097801844279
"(3, 100, 0.001, 128, Tanh())",0.0,0.5563009745544858
"(3, 100, 0.001, 128, Sigmoid())",0.0,0.19764869742923313
"(3, 100, 0.01, 32, ReLU())",0.02927777951117605,0.665600276655621
"(3, 100, 0.01, 32, Tanh())",0.0,0.6652456488874223
"(3, 100, 0.01, 32, Sigmoid())",0.0,0.5857195026344724
"(3, 100, 0.01, 64, ReLU())",0.03272222374410679,0.6313140094280243
"(3, 100, 0.01, 64, Tanh())",0.0,0.6904446250862546
"(3, 100, 0.01, 64, Sigmoid())",0.0,0.5590016113387214
"(3, 100, 0.01, 128, ReLU())",0.05244444690955182,0.6133748392264048
"(3, 100, 0.01, 128, Tanh())",0.0,0.6058805949158139
"(3, 100, 0.01, 128, Sigmoid())",0.0,0.46772560146119857
"(3, 100, 0.1, 32, ReLU())",0.45377779708036947,0.2763175931241777
"(3, 100, 0.1, 32, Tanh())",0.0011111111832886105,0.03643993205494351
"(3, 100, 0.1, 32, Sigmoid())",0.0,0.47005293766657513
"(3, 100, 0.1, 64, ReLU())",0.4461666846440898,0.3372115559048123
"(3, 100, 0.1, 64, Tanh())",0.0008333333729145428,0.2515004807048374
"(3, 100, 0.1, 64, Sigmoid())",0.0043888890908824075,0.38812509510252213
"(3, 100, 0.1, 128, ReLU())",0.3772777932592564,-0.6780491769313812
"(3, 100, 0.1, 128, Tanh())",0.01733333428597285,0.05295314722590976
"(3, 100, 0.1, 128, Sigmoid())",0.0,0.2875499692228105
"(4, 10, 0.001, 32, ReLU())",0.0,0.3949161966641744
"(4, 10, 0.001, 32, Tanh())",0.0,0.4718482891718547
"(4, 10, 0.001, 32, Sigmoid())",0.0,0.0443884101178911
"(4, 10, 0.001, 64, ReLU())",0.0,0.17086442642741734
"(4, 10, 0.001, 64, Tanh())",0.0,0.35425641470485264
"(4, 10, 0.001, 64, Sigmoid())",0.0,-0.004946986834208171
"(4, 10, 0.001, 128, ReLU())",0.0,0.10178338156806098
"(4, 10, 0.001, 128, Tanh())",0.0,0.19053478042284647
"(4, 10, 0.001, 128, Sigmoid())",0.0,-0.00863637195693122
"(4, 10, 0.01, 32, ReLU())",0.01166666697503792,0.6214242643780179
"(4, 10, 0.01, 32, Tanh())",0.0,0.6261927021874322
"(4, 10, 0.01, 32, Sigmoid())",0.0,0.5574906534618802
"(4, 10, 0.01, 64, ReLU())",0.01622222303154154,0.5933692422178056
"(4, 10, 0.01, 64, Tanh())",0.0,0.5995161831378937
"(4, 10, 0.01, 64, Sigmoid())",0.0,0.4556048611799876
"(4, 10, 0.01, 128, ReLU())",0.0020000001079299385,0.5448834134472741
"(4, 10, 0.01, 128, Tanh())",0.0,0.5323110255930159
"(4, 10, 0.01, 128, Sigmoid())",0.0,0.21357064114676583
"(4, 10, 0.1, 32, ReLU())",0.06944444731602238,0.47938894894387984
"(4, 10, 0.1, 32, Tanh())",0.0,0.46946563323338825
"(4, 10, 0.1, 32, Sigmoid())",0.0,0.6080894437101152
"(4, 10, 0.1, 64, ReLU())",0.03144444600911811,0.5373362832599216
"(4, 10, 0.1, 64, Tanh())",0.0,0.5700612929132249
"(4, 10, 0.1, 64, Sigmoid())",0.0,0.5584457980261909
"(4, 10, 0.1, 128, ReLU())",0.05194444614850605,0.5061114827791849
"(4, 10, 0.1, 128, Tanh())",0.0,0.5350437694125705
"(4, 10, 0.1, 128, Sigmoid())",0.0,0.45872065756056046
"(4, 20, 0.001, 32, ReLU())",0.0002222222327772114,0.5615657269954681
"(4, 20, 0.001, 32, Tanh())",0.0,0.5395881599850125
"(4, 20, 0.001, 32, Sigmoid())",0.0,0.1270037359661526
"(4, 20, 0.001, 64, ReLU())",0.0,0.39510193798277116
"(4, 20, 0.001, 64, Tanh())",0.0,0.46659131513701546
"(4, 20, 0.001, 64, Sigmoid())",0.0,0.03763297862476773
"(4, 20, 0.001, 128, ReLU())",0.0,0.17057510217030844
"(4, 20, 0.001, 128, Tanh())",0.0,0.3287608027458191
"(4, 20, 0.001, 128, Sigmoid())",0.0,0.004927545785903931
"(4, 20, 0.01, 32, ReLU())",0.02138888998888433,0.6252065300941467
"(4, 20, 0.01, 32, Tanh())",0.0,0.6830620401435428
"(4, 20, 0.01, 32, Sigmoid())",0.0,0.5477696789635552
"(4, 20, 0.01, 64, ReLU())",0.02861111225017036,0.6140653789043427
"(4, 20, 0.01, 64, Tanh())",0.0,0.6186116569572024
"(4, 20, 0.01, 64, Sigmoid())",0.0,0.5380795896053314
"(4, 20, 0.01, 128, ReLU())",0.020444445008049823,0.5686246686511569
"(4, 20, 0.01, 128, Tanh())",0.0,0.5816556314627329
"(4, 20, 0.01, 128, Sigmoid())",0.0,0.3782681359185113
"(4, 20, 0.1, 32, ReLU())",0.04988889143957446,0.45815516180462307
"(4, 20, 0.1, 32, Tanh())",0.0,0.46001482672161526
"(4, 20, 0.1, 32, Sigmoid())",0.0,0.5656968686315749
"(4, 20, 0.1, 64, ReLU())",0.10155556091598959,0.47198472420374554
"(4, 20, 0.1, 64, Tanh())",0.0,0.44322483407126534
"(4, 20, 0.1, 64, Sigmoid())",0.0,0.5449085765414767
"(4, 20, 0.1, 128, ReLU())",0.06311111441270138,0.4282887644237942
"(4, 20, 0.1, 128, Tanh())",0.0,0.4321249789661831
"(4, 20, 0.1, 128, Sigmoid())",0.0,0.39435169100761414
"(4, 30, 0.001, 32, ReLU())",0.0002222222327772114,0.5590618517663744
"(4, 30, 0.001, 32, Tanh())",0.0,0.5422427786721123
"(4, 30, 0.001, 32, Sigmoid())",0.0,0.2026594512992435
"(4, 30, 0.001, 64, ReLU())",0.0,0.4991767704486847
"(4, 30, 0.001, 64, Tanh())",0.0,0.54661649134424
"(4, 30, 0.001, 64, Sigmoid())",0.0,0.08590567443105909
"(4, 30, 0.001, 128, ReLU())",0.0,0.2773675123850505
"(4, 30, 0.001, 128, Tanh())",0.0,0.45387444893519086
"(4, 30, 0.001, 128, Sigmoid())",0.0,0.015685045056872897
"(4, 30, 0.01, 32, ReLU())",0.03400000131740752,0.637010375658671
"(4, 30, 0.01, 32, Tanh())",0.0,0.6744345757696364
"(4, 30, 0.01, 32, Sigmoid())",0.0,0.5500088300969865
"(4, 30, 0.01, 64, ReLU())",0.037555556640856795,0.6248760653866662
"(4, 30, 0.01, 64, Tanh())",0.0,0.651028037071228
"(4, 30, 0.01, 64, Sigmoid())",0.0,0.5643066035376655
"(4, 30, 0.01, 128, ReLU())",0.017500000637179863,0.6044540272818671
"(4, 30, 0.01, 128, Tanh())",0.0,0.5947865181499057
"(4, 30, 0.01, 128, Sigmoid())",0.0,0.38042526443799335
"(4, 30, 0.1, 32, ReLU())",0.1550555629332343,0.33164998557832504
"(4, 30, 0.1, 32, Tanh())",0.0,0.41816437906689113
"(4, 30, 0.1, 32, Sigmoid())",0.0,0.5688059363100264
"(4, 30, 0.1, 64, ReLU())",0.07216667024961983,0.3869575328297085
"(4, 30, 0.1, 64, Tanh())",0.0,0.3251764741208818
"(4, 30, 0.1, 64, Sigmoid())",0.0,0.5415823128488328
"(4, 30, 0.1, 128, ReLU())",0.09283333630042358,0.3324544396665361
"(4, 30, 0.1, 128, Tanh())",0.0,0.3575068944030338
"(4, 30, 0.1, 128, Sigmoid())",0.0,0.39373571011755204
"(4, 40, 0.001, 32, ReLU())",0.0003333333426982992,0.5720923840999603
"(4, 40, 0.001, 32, Tanh())",0.0,0.5917070673571693
"(4, 40, 0.001, 32, Sigmoid())",0.0,0.29257352815734017
"(4, 40, 0.001, 64, ReLU())",0.0003333333491658171,0.5324655142095354
"(4, 40, 0.001, 64, Tanh())",0.0,0.5564750333627065
"(4, 40, 0.001, 64, Sigmoid())",0.0,0.10804526011149089
"(4, 40, 0.001, 128, ReLU())",0.0,0.3928668730788761
"(4, 40, 0.001, 128, Tanh())",0.0,0.4962977468967438
"(4, 40, 0.001, 128, Sigmoid())",0.0,0.023042043050130207
"(4, 40, 0.01, 32, ReLU())",0.015111112016408393,0.6404687696033053
"(4, 40, 0.01, 32, Tanh())",0.0,0.6750769714514414
"(4, 40, 0.01, 32, Sigmoid())",0.0,0.5797999170091417
"(4, 40, 0.01, 64, ReLU())",0.03094444557144824,0.611197163661321
"(4, 40, 0.01, 64, Tanh())",0.0,0.6672142810291715
"(4, 40, 0.01, 64, Sigmoid())",0.0,0.5453600154982673
"(4, 40, 0.01, 128, ReLU())",0.03172222369660934,0.6067130896780226
"(4, 40, 0.01, 128, Tanh())",0.0,0.602324002318912
"(4, 40, 0.01, 128, Sigmoid())",0.0,0.4302250113752153
"(4, 40, 0.1, 32, ReLU())",0.2516666793057488,0.3259897496965196
"(4, 40, 0.1, 32, Tanh())",0.0,0.15868905186653137
"(4, 40, 0.1, 32, Sigmoid())",0.0,0.5572081671820747
"(4, 40, 0.1, 64, ReLU())",0.09700000386348823,0.4098772174782223
"(4, 40, 0.1, 64, Tanh())",0.0,0.2327109475930532
"(4, 40, 0.1, 64, Sigmoid())",0.0,0.5432276096608903
"(4, 40, 0.1, 128, ReLU())",0.11911111804268633,0.2792922622627682
"(4, 40, 0.1, 128, Tanh())",0.0,0.26472370160950554
"(4, 40, 0.1, 128, Sigmoid())",0.0,0.43259035216437447
"(4, 50, 0.001, 32, ReLU())",0.0033333334722556174,0.600789424445894
"(4, 50, 0.001, 32, Tanh())",0.0,0.5770612756411234
"(4, 50, 0.001, 32, Sigmoid())",0.0,0.33174026012420654
"(4, 50, 0.001, 64, ReLU())",0.0,0.5595713489585452
"(4, 50, 0.001, 64, Tanh())",0.0,0.5553893976741366
"(4, 50, 0.001, 64, Sigmoid())",0.0,0.14305029643906486
"(4, 50, 0.001, 128, ReLU())",0.0,0.45169029302067226
"(4, 50, 0.001, 128, Tanh())",0.0,0.5222338669829898
"(4, 50, 0.001, 128, Sigmoid())",0.0,0.03953241639667087
"(4, 50, 0.01, 32, ReLU())",0.04738889109446771,0.6387943625450134
"(4, 50, 0.01, 32, Tanh())",0.0,0.6751489837964376
"(4, 50, 0.01, 32, Sigmoid())",0.0,0.5543212758170234
"(4, 50, 0.01, 64, ReLU())",0.022555556665692065,0.6433700190650092
"(4, 50, 0.01, 64, Tanh())",0.0,0.6534391972753737
"(4, 50, 0.01, 64, Sigmoid())",0.0,0.5612641672293345
"(4, 50, 0.01, 128, ReLU())",0.03683333555495159,0.6183954179286957
"(4, 50, 0.01, 128, Tanh())",0.0,0.6152609388033549
"(4, 50, 0.01, 128, Sigmoid())",0.0,0.4366217785411411
"(4, 50, 0.1, 32, ReLU())",0.24416668326335234,0.2634783784548442
"(4, 50, 0.1, 32, Tanh())",0.0,0.12168874012099372
"(4, 50, 0.1, 32, Sigmoid())",0.0,0.5883715351422628
"(4, 50, 0.1, 64, ReLU())",0.22727778921964475,-0.10075347953372532
"(4, 50, 0.1, 64, Tanh())",0.0,0.12224725882212321
"(4, 50, 0.1, 64, Sigmoid())",0.0,0.4882081217235989
"(4, 50, 0.1, 128, ReLU())",0.17805556398687056,0.20134156611230639
"(4, 50, 0.1, 128, Tanh())",0.0,0.166369722949134
"(4, 50, 0.1, 128, Sigmoid())",0.0,0.4493059549066756
"(4, 60, 0.001, 32, ReLU())",0.004388889013272192,0.6137915717230903
"(4, 60, 0.001, 32, Tanh())",0.0,0.5813817878564199
"(4, 60, 0.001, 32, Sigmoid())",0.0,0.38002615835931564
"(4, 60, 0.001, 64, ReLU())",0.0002222222327772114,0.5829847819275327
"(4, 60, 0.001, 64, Tanh())",0.0,0.5649997360176511
"(4, 60, 0.001, 64, Sigmoid())",0.0,0.18308245804574755
"(4, 60, 0.001, 128, ReLU())",0.0,0.48358352647887337
"(4, 60, 0.001, 128, Tanh())",0.0,0.5036613378259871
"(4, 60, 0.001, 128, Sigmoid())",0.0,0.04848657382859124
"(4, 60, 0.01, 32, ReLU())",0.029722223815042526,0.6383121245437198
"(4, 60, 0.01, 32, Tanh())",0.0,0.6612148880958557
"(4, 60, 0.01, 32, Sigmoid())",0.0,0.579170995288425
"(4, 60, 0.01, 64, ReLU())",0.02800000144634396,0.6574751403596666
"(4, 60, 0.01, 64, Tanh())",0.0,0.6592169536484612
"(4, 60, 0.01, 64, Sigmoid())",0.0,0.5494920611381531
"(4, 60, 0.01, 128, ReLU())",0.02361111184452764,0.6157627205053965
"(4, 60, 0.01, 128, Tanh())",0.0,0.5993460913499197
"(4, 60, 0.01, 128, Sigmoid())",0.0,0.44365648759735954
"(4, 60, 0.1, 32, ReLU())",0.3717777965616228,0.23880276083946228
"(4, 60, 0.1, 32, Tanh())",0.0,0.08815155757798089
"(4, 60, 0.1, 32, Sigmoid())",0.0,0.5384493403964572
"(4, 60, 0.1, 64, ReLU())",0.287166679614327,0.24993525611029732
"(4, 60, 0.1, 64, Tanh())",0.0,0.10516510075993007
"(4, 60, 0.1, 64, Sigmoid())",0.0,0.45653943883048165
"(4, 60, 0.1, 128, ReLU())",0.22966668176619956,0.19059641493691337
"(4, 60, 0.1, 128, Tanh())",5.555555819430285e-05,0.13844037055969238
"(4, 60, 0.1, 128, Sigmoid())",0.0,0.4984349376625485
"(4, 70, 0.001, 32, ReLU())",0.006611111535069843,0.6261329352855682
"(4, 70, 0.001, 32, Tanh())",0.0,0.5823149482409159
"(4, 70, 0.001, 32, Sigmoid())",0.0,0.446008563041687
"(4, 70, 0.001, 64, ReLU())",0.00027777779097151425,0.5757004254394107
"(4, 70, 0.001, 64, Tanh())",0.0,0.563117222653495
"(4, 70, 0.001, 64, Sigmoid())",0.0,0.19818502333429125
"(4, 70, 0.001, 128, ReLU())",0.0,0.5084727439615462
"(4, 70, 0.001, 128, Tanh())",0.0,0.5373071763250563
"(4, 70, 0.001, 128, Sigmoid())",0.0,0.05385407474305895
"(4, 70, 0.01, 32, ReLU())",0.05666666886665755,0.6361923250887129
"(4, 70, 0.01, 32, Tanh())",0.0,0.6709749499956766
"(4, 70, 0.01, 32, Sigmoid())",0.0,0.5772387617164187
"(4, 70, 0.01, 64, ReLU())",0.030500000970075943,0.6081658403078715
"(4, 70, 0.01, 64, Tanh())",0.0,0.6693603893121084
"(4, 70, 0.01, 64, Sigmoid())",0.0,0.5516851610607572
"(4, 70, 0.01, 128, ReLU())",0.03277777882370477,0.6211760077211592
"(4, 70, 0.01, 128, Tanh())",0.0,0.6062181062168546
"(4, 70, 0.01, 128, Sigmoid())",0.0,0.4248417284753587
"(4, 70, 0.1, 32, ReLU())",0.41094445932604784,0.1474364697933197
"(4, 70, 0.1, 32, Tanh())",0.0,-0.060972117715411715
"(4, 70, 0.1, 32, Sigmoid())",0.0,0.3816801640722487
"(4, 70, 0.1, 64, ReLU())",0.3541111264170872,0.08822008967399597
"(4, 70, 0.1, 64, Tanh())",0.0,0.05422097775671217
"(4, 70, 0.1, 64, Sigmoid())",0.0,0.4747769832611084
"(4, 70, 0.1, 128, ReLU())",0.38511112466868425,0.11431214875645107
"(4, 70, 0.1, 128, Tanh())",0.0,0.06922224164009094
"(4, 70, 0.1, 128, Sigmoid())",0.0,0.36545949180920917
"(4, 80, 0.001, 32, ReLU())",0.007722222479060292,0.6233679519759284
"(4, 80, 0.001, 32, Tanh())",0.0,0.5847126212384965
"(4, 80, 0.001, 32, Sigmoid())",0.0,0.44297294484244454
"(4, 80, 0.001, 64, ReLU())",0.0014444444742467669,0.566485153304206
"(4, 80, 0.001, 64, Tanh())",0.0,0.5787599550353156
"(4, 80, 0.001, 64, Sigmoid())",0.0,0.23361500766542223
"(4, 80, 0.001, 128, ReLU())",0.0,0.511958079205619
"(4, 80, 0.001, 128, Tanh())",0.0,0.5617296761936612
"(4, 80, 0.001, 128, Sigmoid())",0.0,0.07852744725015429
"(4, 80, 0.01, 32, ReLU())",0.031222223692263167,0.6437664661142561
"(4, 80, 0.01, 32, Tanh())",0.0,0.6726158029503293
"(4, 80, 0.01, 32, Sigmoid())",0.0,0.5551338361369239
"(4, 80, 0.01, 64, ReLU())",0.03211111292734535,0.6246713366773393
"(4, 80, 0.01, 64, Tanh())",0.0,0.6670486099190183
"(4, 80, 0.01, 64, Sigmoid())",0.0,0.5651554564634959
"(4, 80, 0.01, 128, ReLU())",0.02855555705415706,0.6035742428567674
"(4, 80, 0.01, 128, Tanh())",0.0,0.6133161319626702
"(4, 80, 0.01, 128, Sigmoid())",0.0,0.4233701229095459
"(4, 80, 0.1, 32, ReLU())",0.45150002295849845,0.10931161708301967
"(4, 80, 0.1, 32, Tanh())",0.00027777779097151425,-0.2273017168045044
"(4, 80, 0.1, 32, Sigmoid())",0.0,0.3582579924000634
"(4, 80, 0.1, 64, ReLU())",0.5433889130751292,0.09224771791034275
"(4, 80, 0.1, 64, Tanh())",0.0007222222371233834,0.05015250709321764
"(4, 80, 0.1, 64, Sigmoid())",0.0,0.30861597259839374
"(4, 80, 0.1, 128, ReLU())",0.4453889100501935,-0.07211683524979486
"(4, 80, 0.1, 128, Tanh())",0.0005000000302162436,0.04882988995975918
"(4, 80, 0.1, 128, Sigmoid())",0.0,0.17597746849060059
"(4, 90, 0.001, 32, ReLU())",0.010111111694843404,0.6217195192972819
"(4, 90, 0.001, 32, Tanh())",0.0,0.575931641790602
"(4, 90, 0.001, 32, Sigmoid())",0.0,0.4491656786865658
"(4, 90, 0.001, 64, ReLU())",0.0005555555625404748,0.5861588252915276
"(4, 90, 0.001, 64, Tanh())",0.0,0.5914489097065396
"(4, 90, 0.001, 64, Sigmoid())",0.0,0.24936294886800978
"(4, 90, 0.001, 128, ReLU())",0.00027777779097151425,0.5734085672431521
"(4, 90, 0.001, 128, Tanh())",0.0,0.5573417974842919
"(4, 90, 0.001, 128, Sigmoid())",0.0,0.1048716770278083
"(4, 90, 0.01, 32, ReLU())",0.02800000086426735,0.6033187641037835
"(4, 90, 0.01, 32, Tanh())",0.0,0.6724080211586423
"(4, 90, 0.01, 32, Sigmoid())",0.0,0.5840630763106875
"(4, 90, 0.01, 64, ReLU())",0.036555557628162205,0.6413630644480387
"(4, 90, 0.01, 64, Tanh())",0.0,0.6459945605860816
"(4, 90, 0.01, 64, Sigmoid())",0.0,0.5573073592450883
"(4, 90, 0.01, 128, ReLU())",0.03783333445123086,0.6349525882138146
"(4, 90, 0.01, 128, Tanh())",0.0,0.609139064947764
"(4, 90, 0.01, 128, Sigmoid())",0.0,0.42272404167387223
"(4, 90, 0.1, 32, ReLU())",0.5470555888281928,-5.577696320083406
"(4, 90, 0.1, 32, Tanh())",0.00027777779097151425,-0.16015304128328958
"(4, 90, 0.1, 32, Sigmoid())",0.0,0.2691272232267592
"(4, 90, 0.1, 64, ReLU())",0.5447778072622087,0.2038858003086514
"(4, 90, 0.1, 64, Tanh())",0.015555555815808475,0.07183863719304402
"(4, 90, 0.1, 64, Sigmoid())",0.0,0.23332243826654223
"(4, 90, 0.1, 128, ReLU())",0.5157778006460931,-0.04730550779236688
"(4, 90, 0.1, 128, Tanh())",0.001500000019506034,0.019367049137751263
"(4, 90, 0.1, 128, Sigmoid())",0.0,0.13623025351100498
"(4, 100, 0.001, 32, ReLU())",0.007833333763604363,0.6078904602262709
"(4, 100, 0.001, 32, Tanh())",0.0,0.5818129082520803
"(4, 100, 0.001, 32, Sigmoid())",0.0,0.478665957848231
"(4, 100, 0.001, 64, ReLU())",0.0035000001856436334,0.572248508532842
"(4, 100, 0.001, 64, Tanh())",0.0,0.572566333744261
"(4, 100, 0.001, 64, Sigmoid())",0.0,0.3134967221154107
"(4, 100, 0.001, 128, ReLU())",0.00022222222630969353,0.5344770749409994
"(4, 100, 0.001, 128, Tanh())",0.0,0.5665859580039978
"(4, 100, 0.001, 128, Sigmoid())",0.0,0.10868445038795471
"(4, 100, 0.01, 32, ReLU())",0.0484444470041328,0.6156259510252211
"(4, 100, 0.01, 32, Tanh())",0.0,0.680573864115609
"(4, 100, 0.01, 32, Sigmoid())",0.0,0.58840255273713
"(4, 100, 0.01, 64, ReLU())",0.02588888944592327,0.6395729084809622
"(4, 100, 0.01, 64, Tanh())",0.0,0.6695916818247901
"(4, 100, 0.01, 64, Sigmoid())",0.0,0.555629551410675
"(4, 100, 0.01, 128, ReLU())",0.04750000179046765,0.608452147907681
"(4, 100, 0.01, 128, Tanh())",0.0,0.6220018366972605
"(4, 100, 0.01, 128, Sigmoid())",0.0,0.3790380226241218
"(4, 100, 0.1, 32, ReLU())",0.5592222511768341,0.11709177162912157
"(4, 100, 0.1, 32, Tanh())",0.01772222316099538,0.06318505273924933
"(4, 100, 0.1, 32, Sigmoid())",0.0,0.127287487188975
"(4, 100, 0.1, 64, ReLU())",0.5616666922966639,0.10176532136069404
"(4, 100, 0.1, 64, Tanh())",0.011833333688425936,0.05829386909802755
"(4, 100, 0.1, 64, Sigmoid())",0.0,0.1890441675980886
"(4, 100, 0.1, 128, ReLU())",0.5013889103300042,0.029925806654824152
"(4, 100, 0.1, 128, Tanh())",0.0008888889311088456,-0.006530467006895278
"(4, 100, 0.1, 128, Sigmoid())",0.0,0.09166472156842549
"(5, 10, 0.001, 32, ReLU())",0.0,0.3458329737186432
"(5, 10, 0.001, 32, Tanh())",0.0,0.49969332416852313
"(5, 10, 0.001, 32, Sigmoid())",0.0,0.0048300060960981585
"(5, 10, 0.001, 64, ReLU())",0.0,0.1413575808207194
"(5, 10, 0.001, 64, Tanh())",0.0,0.37831809785630965
"(5, 10, 0.001, 64, Sigmoid())",0.0,-0.006262355380588108
"(5, 10, 0.001, 128, ReLU())",0.0,0.05403203765551249
"(5, 10, 0.001, 128, Tanh())",0.0,0.16801230112711588
"(5, 10, 0.001, 128, Sigmoid())",0.0,-0.03199947211477491
"(5, 10, 0.01, 32, ReLU())",0.016166667395737022,0.6084817482365502
"(5, 10, 0.01, 32, Tanh())",0.0,0.6180852585368686
"(5, 10, 0.01, 32, Sigmoid())",0.0,0.5228423873583475
"(5, 10, 0.01, 64, ReLU())",0.013722223197368698,0.6146917177571191
"(5, 10, 0.01, 64, Tanh())",0.0,0.6162046127849155
"(5, 10, 0.01, 64, Sigmoid())",0.0,0.35241782996389603
"(5, 10, 0.01, 128, ReLU())",0.004000000189989805,0.5013482173283895
"(5, 10, 0.01, 128, Tanh())",0.0,0.5606942805978987
"(5, 10, 0.01, 128, Sigmoid())",0.0,0.09511635369724697
"(5, 10, 0.1, 32, ReLU())",0.13116667272212604,0.5022864606645372
"(5, 10, 0.1, 32, Tanh())",0.0,0.4192732142077552
"(5, 10, 0.1, 32, Sigmoid())",0.0,0.565037253830168
"(5, 10, 0.1, 64, ReLU())",0.03166666833244057,0.47950191961394417
"(5, 10, 0.1, 64, Tanh())",0.0,0.4919695258140564
"(5, 10, 0.1, 64, Sigmoid())",0.0,0.4927219682269626
"(5, 10, 0.1, 128, ReLU())",0.06211111413237328,0.5343897706932492
"(5, 10, 0.1, 128, Tanh())",0.0,0.5143274101946089
"(5, 10, 0.1, 128, Sigmoid())",0.0,0.35754331284099156
"(5, 20, 0.001, 32, ReLU())",0.0002222222327772114,0.5573158628410764
"(5, 20, 0.001, 32, Tanh())",0.0,0.5459931890169779
"(5, 20, 0.001, 32, Sigmoid())",0.0,0.056354800860087075
"(5, 20, 0.001, 64, ReLU())",0.0001111111163886057,0.4015067484643724
"(5, 20, 0.001, 64, Tanh())",0.0,0.48545317848523456
"(5, 20, 0.001, 64, Sigmoid())",0.0,-0.00012101398573981391
"(5, 20, 0.001, 128, ReLU())",0.0,0.14000928733083937
"(5, 20, 0.001, 128, Tanh())",0.0,0.3517465624544356
"(5, 20, 0.001, 128, Sigmoid())",0.0,-0.0019595523675282798
"(5, 20, 0.01, 32, ReLU())",0.023944445588212047,0.6282272305753496
"(5, 20, 0.01, 32, Tanh())",0.0,0.6695710288153754
"(5, 20, 0.01, 32, Sigmoid())",0.0,0.5531471769014994
"(5, 20, 0.01, 64, ReLU())",0.008555555748494549,0.5947972767882876
"(5, 20, 0.01, 64, Tanh())",0.0,0.623572501871321
"(5, 20, 0.01, 64, Sigmoid())",0.0,0.4387934406598409
"(5, 20, 0.01, 128, ReLU())",0.01416666711965162,0.5767950084474351
"(5, 20, 0.01, 128, Tanh())",0.0,0.5801892744170295
"(5, 20, 0.01, 128, Sigmoid())",0.0,0.26418383253945243
"(5, 20, 0.1, 32, ReLU())",0.09111111632470663,0.3123418821228875
"(5, 20, 0.1, 32, Tanh())",0.0,0.28171779049767387
"(5, 20, 0.1, 32, Sigmoid())",0.0,0.3340301149421268
"(5, 20, 0.1, 64, ReLU())",0.03766666823584172,0.41584088404973346
"(5, 20, 0.1, 64, Tanh())",0.0,0.37058450778325397
"(5, 20, 0.1, 64, Sigmoid())",0.0,0.29295435216691756
"(5, 20, 0.1, 128, ReLU())",0.027388890959425934,0.4921703073713515
"(5, 20, 0.1, 128, Tanh())",0.0,0.388459434111913
"(5, 20, 0.1, 128, Sigmoid())",0.0,0.2420669264263577
"(5, 30, 0.001, 32, ReLU())",0.001944444569138189,0.5775595439804925
"(5, 30, 0.001, 32, Tanh())",0.0,0.5644338197178311
"(5, 30, 0.001, 32, Sigmoid())",0.0,0.14436355233192444
"(5, 30, 0.001, 64, ReLU())",0.0,0.49889933069547016
"(5, 30, 0.001, 64, Tanh())",0.0,0.5153060853481293
"(5, 30, 0.001, 64, Sigmoid())",0.0,0.022554867797427706
"(5, 30, 0.001, 128, ReLU())",0.0,0.26923826667997575
"(5, 30, 0.001, 128, Tanh())",0.0,0.45474960737758213
"(5, 30, 0.001, 128, Sigmoid())",0.0,0.00143854816754659
"(5, 30, 0.01, 32, ReLU())",0.0236111122649163,0.633075303501553
"(5, 30, 0.01, 32, Tanh())",0.0,0.6483249995443556
"(5, 30, 0.01, 32, Sigmoid())",0.0,0.5679943528440263
"(5, 30, 0.01, 64, ReLU())",0.01611111161764711,0.616518066989051
"(5, 30, 0.01, 64, Tanh())",0.0,0.6372641954157088
"(5, 30, 0.01, 64, Sigmoid())",0.0,0.5409630636374155
"(5, 30, 0.01, 128, ReLU())",0.016833333667212475,0.6211254133118523
"(5, 30, 0.01, 128, Tanh())",0.0,0.5715300970607333
"(5, 30, 0.01, 128, Sigmoid())",0.0,0.3251909712950389
"(5, 30, 0.1, 32, ReLU())",0.1622222302119351,0.4062705967161391
"(5, 30, 0.1, 32, Tanh())",0.0,0.12223322523964776
"(5, 30, 0.1, 32, Sigmoid())",0.0,0.36754681335555184
"(5, 30, 0.1, 64, ReLU())",0.1171111172103944,0.40518243776427376
"(5, 30, 0.1, 64, Tanh())",0.0,0.17613312933180067
"(5, 30, 0.1, 64, Sigmoid())",0.0,0.2576629916826884
"(5, 30, 0.1, 128, ReLU())",0.06555555949065213,0.429374098777771
"(5, 30, 0.1, 128, Tanh())",0.0,0.2193871041138967
"(5, 30, 0.1, 128, Sigmoid())",0.0,0.18938593731986153
"(5, 40, 0.001, 32, ReLU())",0.007333333558765137,0.5945076379511092
"(5, 40, 0.001, 32, Tanh())",0.0,0.5855921804904938
"(5, 40, 0.001, 32, Sigmoid())",0.0,0.21502133872773913
"(5, 40, 0.001, 64, ReLU())",0.0002222222327772114,0.534803933567471
"(5, 40, 0.001, 64, Tanh())",0.0,0.5465102891127268
"(5, 40, 0.001, 64, Sigmoid())",0.0,0.038837585184309215
"(5, 40, 0.001, 128, ReLU())",0.0,0.3625514639748467
"(5, 40, 0.001, 128, Tanh())",0.0,0.5100966890652975
"(5, 40, 0.001, 128, Sigmoid())",0.0,0.0010410348574320476
"(5, 40, 0.01, 32, ReLU())",0.03283333461472972,0.6443381475077735
"(5, 40, 0.01, 32, Tanh())",0.0,0.669344981511434
"(5, 40, 0.01, 32, Sigmoid())",0.0,0.5576475726233588
"(5, 40, 0.01, 64, ReLU())",0.020777778855214517,0.6480026212003496
"(5, 40, 0.01, 64, Tanh())",0.0,0.65750409828292
"(5, 40, 0.01, 64, Sigmoid())",0.0,0.5080165333218045
"(5, 40, 0.01, 128, ReLU())",0.02550000126292515,0.6037463545799255
"(5, 40, 0.01, 128, Tanh())",0.0,0.5883105529679192
"(5, 40, 0.01, 128, Sigmoid())",0.0,0.3472531735897064
"(5, 40, 0.1, 32, ReLU())",0.20894446089449856,0.23793688085344103
"(5, 40, 0.1, 32, Tanh())",0.0,-0.026167048348320857
"(5, 40, 0.1, 32, Sigmoid())",0.0,0.21927277909384835
"(5, 40, 0.1, 64, ReLU())",0.149666670567563,0.2866327067216237
"(5, 40, 0.1, 64, Tanh())",0.0,0.08422811163796319
"(5, 40, 0.1, 64, Sigmoid())",0.0,0.2007733186086019
"(5, 40, 0.1, 128, ReLU())",0.20066667393419063,0.30390692750612897
"(5, 40, 0.1, 128, Tanh())",0.0,0.19692062338193259
"(5, 40, 0.1, 128, Sigmoid())",0.0,0.1419143776098887
"(5, 50, 0.001, 32, ReLU())",0.00583333370094705,0.6100580559836494
"(5, 50, 0.001, 32, Tanh())",0.0,0.5685514542791579
"(5, 50, 0.001, 32, Sigmoid())",0.0,0.2814868887265523
"(5, 50, 0.001, 64, ReLU())",0.0017777778363476198,0.5588313109344907
"(5, 50, 0.001, 64, Tanh())",0.0,0.5760704477628072
"(5, 50, 0.001, 64, Sigmoid())",0.0,0.10345432162284851
"(5, 50, 0.001, 128, ReLU())",0.0,0.45137770970662433
"(5, 50, 0.001, 128, Tanh())",0.0,0.5038410690095689
"(5, 50, 0.001, 128, Sigmoid())",0.0,0.008127520481745401
"(5, 50, 0.01, 32, ReLU())",0.028277779373133347,0.6395696335368686
"(5, 50, 0.01, 32, Tanh())",0.0,0.6353561215930514
"(5, 50, 0.01, 32, Sigmoid())",0.0,0.5805821319421133
"(5, 50, 0.01, 64, ReLU())",0.03227777955018812,0.6276584532525804
"(5, 50, 0.01, 64, Tanh())",0.0,0.658431715435452
"(5, 50, 0.01, 64, Sigmoid())",0.0,0.5034198694758945
"(5, 50, 0.01, 128, ReLU())",0.028277779722379312,0.6238168577353159
"(5, 50, 0.01, 128, Tanh())",0.0,0.5917575657367706
"(5, 50, 0.01, 128, Sigmoid())",0.0,0.3417812916967604
"(5, 50, 0.1, 32, ReLU())",0.30127779559309903,0.1599920524491204
"(5, 50, 0.1, 32, Tanh())",0.0,-0.02340529693497552
"(5, 50, 0.1, 32, Sigmoid())",0.0,0.31396182046996224
"(5, 50, 0.1, 64, ReLU())",0.325000016988876,0.08865551153818767
"(5, 50, 0.1, 64, Tanh())",0.0,0.013422015640470717
"(5, 50, 0.1, 64, Sigmoid())",0.0,0.3596285879611969
"(5, 50, 0.1, 128, ReLU())",0.15794445063349688,0.16229447722434998
"(5, 50, 0.1, 128, Tanh())",0.0,0.06553503539827135
"(5, 50, 0.1, 128, Sigmoid())",0.0,0.13620325591829088
"(5, 60, 0.001, 32, ReLU())",0.008500000203235282,0.5797177619404263
"(5, 60, 0.001, 32, Tanh())",0.0,0.5903532836172316
"(5, 60, 0.001, 32, Sigmoid())",0.0,0.3154538770516713
"(5, 60, 0.001, 64, ReLU())",0.0020000001143974564,0.5842878652943505
"(5, 60, 0.001, 64, Tanh())",0.0,0.560479978720347
"(5, 60, 0.001, 64, Sigmoid())",0.0,0.07699086268742879
"(5, 60, 0.001, 128, ReLU())",0.0,0.5070457822746701
"(5, 60, 0.001, 128, Tanh())",0.0,0.5244047310617235
"(5, 60, 0.001, 128, Sigmoid())",0.0,0.007618271642261081
"(5, 60, 0.01, 32, ReLU())",0.03011111300697343,0.6156272259023454
"(5, 60, 0.01, 32, Tanh())",0.0,0.6612151496940188
"(5, 60, 0.01, 32, Sigmoid())",0.0,0.5771318243609534
"(5, 60, 0.01, 64, ReLU())",0.035666668554767966,0.6331072780821059
"(5, 60, 0.01, 64, Tanh())",0.0,0.6329817771911621
"(5, 60, 0.01, 64, Sigmoid())",0.0,0.543168670601315
"(5, 60, 0.01, 128, ReLU())",0.02011111227976572,0.582703216208352
"(5, 60, 0.01, 128, Tanh())",0.0,0.6100191209051344
"(5, 60, 0.01, 128, Sigmoid())",0.0,0.36214569211006165
"(5, 60, 0.1, 32, ReLU())",0.38888891061328146,-5.801960451735391
"(5, 60, 0.1, 32, Tanh())",0.0,-0.09788666168848674
"(5, 60, 0.1, 32, Sigmoid())",0.0,0.20269390278392369
"(5, 60, 0.1, 64, ReLU())",0.2746666771838338,0.1346672342883216
"(5, 60, 0.1, 64, Tanh())",0.0,0.08052853412098354
"(5, 60, 0.1, 64, Sigmoid())",0.0,0.23629760411050585
"(5, 60, 0.1, 128, ReLU())",0.3806666739272057,0.0967197318871816
"(5, 60, 0.1, 128, Tanh())",0.0001111111163886057,0.01883129609955682
"(5, 60, 0.1, 128, Sigmoid())",0.0,0.19137291775809395
"(5, 70, 0.001, 32, ReLU())",0.009611111470601626,0.621941026714113
"(5, 70, 0.001, 32, Tanh())",0.0,0.5927519765165117
"(5, 70, 0.001, 32, Sigmoid())",0.0,0.36323539747132194
"(5, 70, 0.001, 64, ReLU())",0.0013888889419225354,0.6044051084253523
"(5, 70, 0.001, 64, Tanh())",0.0,0.575070858001709
"(5, 70, 0.001, 64, Sigmoid())",0.0,0.13011207514339024
"(5, 70, 0.001, 128, ReLU())",0.00016666667458290854,0.5224820574124655
"(5, 70, 0.001, 128, Tanh())",0.0,0.5452837944030762
"(5, 70, 0.001, 128, Sigmoid())",0.0,0.016465160581800673
"(5, 70, 0.01, 32, ReLU())",0.055944447502649076,0.6503923932711283
"(5, 70, 0.01, 32, Tanh())",0.0,0.6337799164983962
"(5, 70, 0.01, 32, Sigmoid())",0.0,0.561213903956943
"(5, 70, 0.01, 64, ReLU())",0.05355555841621632,0.6325442161824968
"(5, 70, 0.01, 64, Tanh())",0.0,0.6663864652315775
"(5, 70, 0.01, 64, Sigmoid())",0.0,0.4908391104804145
"(5, 70, 0.01, 128, ReLU())",0.04572222455559919,0.623361306058036
"(5, 70, 0.01, 128, Tanh())",0.0,0.6114244924651252
"(5, 70, 0.01, 128, Sigmoid())",0.0,0.2965056796868642
"(5, 70, 0.1, 32, ReLU())",0.4686666909191344,-0.17836189601156446
"(5, 70, 0.1, 32, Tanh())",0.0,-0.1339865658018324
"(5, 70, 0.1, 32, Sigmoid())",0.0,0.17744996150334677
"(5, 70, 0.1, 64, ReLU())",0.46716668777581716,-0.753580070204205
"(5, 70, 0.1, 64, Tanh())",0.0,-0.03522030512491862
"(5, 70, 0.1, 64, Sigmoid())",0.0,0.20892281002468532
"(5, 70, 0.1, 128, ReLU())",0.4653889044162093,-0.031222876575258043
"(5, 70, 0.1, 128, Tanh())",0.0,0.031025807062784832
"(5, 70, 0.1, 128, Sigmoid())",0.0,0.22784020172225106
"(5, 80, 0.001, 32, ReLU())",0.013500000712358289,0.6251972052786086
"(5, 80, 0.001, 32, Tanh())",0.0,0.605631109740999
"(5, 80, 0.001, 32, Sigmoid())",0.0,0.40763335426648456
"(5, 80, 0.001, 64, ReLU())",0.0033888890498524737,0.599124530951182
"(5, 80, 0.001, 64, Tanh())",0.0,0.5713220569822524
"(5, 80, 0.001, 64, Sigmoid())",0.0,0.15474814507696363
"(5, 80, 0.001, 128, ReLU())",0.0002222222327772114,0.5242586665683322
"(5, 80, 0.001, 128, Tanh())",0.0,0.5564970937040117
"(5, 80, 0.001, 128, Sigmoid())",0.0,0.016081273555755615
"(5, 80, 0.01, 32, ReLU())",0.0520555591598774,0.6414610279930962
"(5, 80, 0.01, 32, Tanh())",0.0,0.6104248927699195
"(5, 80, 0.01, 32, Sigmoid())",0.0,0.5880691276656257
"(5, 80, 0.01, 64, ReLU())",0.060777780619294695,0.6273954212665558
"(5, 80, 0.01, 64, Tanh())",0.0,0.6821910970740848
"(5, 80, 0.01, 64, Sigmoid())",0.0,0.4870435694853465
"(5, 80, 0.01, 128, ReLU())",0.030333334864634607,0.636459598938624
"(5, 80, 0.01, 128, Tanh())",0.0,0.6079729894797007
"(5, 80, 0.01, 128, Sigmoid())",0.0,0.22188896271917555
"(5, 80, 0.1, 32, ReLU())",0.5277778048378726,0.07577630215220982
"(5, 80, 0.1, 32, Tanh())",5.555555819430285e-05,-0.08566223250495063
"(5, 80, 0.1, 32, Sigmoid())",0.0,0.010374582476086087
"(5, 80, 0.1, 64, ReLU())",0.5155000216845009,-0.05835619237687853
"(5, 80, 0.1, 64, Tanh())",0.0008888889505113992,-0.015857577323913574
"(5, 80, 0.1, 64, Sigmoid())",0.0,0.044027477502822876
"(5, 80, 0.1, 128, ReLU())",0.5137778024913536,-0.003421819872326321
"(5, 80, 0.1, 128, Tanh())",0.00027777779097151425,-0.6523279282781813
"(5, 80, 0.1, 128, Sigmoid())",0.0,0.145163850651847
"(5, 90, 0.001, 32, ReLU())",0.00866666712358387,0.6160976158248054
"(5, 90, 0.001, 32, Tanh())",0.0,0.5973208612865872
"(5, 90, 0.001, 32, Sigmoid())",0.0,0.42533399992518955
"(5, 90, 0.001, 64, ReLU())",0.003000000136024836,0.607416742377811
"(5, 90, 0.001, 64, Tanh())",0.0,0.5738566186692979
"(5, 90, 0.001, 64, Sigmoid())",0.0,0.16659054160118103
"(5, 90, 0.001, 128, ReLU())",0.00027777779097151425,0.5676708387004005
"(5, 90, 0.001, 128, Tanh())",0.0,0.5381145079930624
"(5, 90, 0.001, 128, Sigmoid())",0.0,0.027510533730189007
"(5, 90, 0.01, 32, ReLU())",0.06677778200375745,0.6339902546670702
"(5, 90, 0.01, 32, Tanh())",0.0,0.5972618791792128
"(5, 90, 0.01, 32, Sigmoid())",0.0,0.530700147151947
"(5, 90, 0.01, 64, ReLU())",0.05750000281518118,0.6514877478281657
"(5, 90, 0.01, 64, Tanh())",0.0,0.6400177909268273
"(5, 90, 0.01, 64, Sigmoid())",0.0,0.4622693293624454
"(5, 90, 0.01, 128, ReLU())",0.047000002096562334,0.6056860751575894
"(5, 90, 0.01, 128, Tanh())",0.0,0.609684858057234
"(5, 90, 0.01, 128, Sigmoid())",0.0,0.18832439515325758
"(5, 90, 0.1, 32, ReLU())",0.5532222555743324,0.06223530570665995
"(5, 90, 0.1, 32, Tanh())",0.06050000339099723,-0.2219276660018497
"(5, 90, 0.1, 32, Sigmoid())",0.0,-0.00374068816502889
"(5, 90, 0.1, 64, ReLU())",0.5635555883248647,0.003146092096964518
"(5, 90, 0.1, 64, Tanh())",0.0,0.026921788851420086
"(5, 90, 0.1, 64, Sigmoid())",0.0,0.06885002387894525
"(5, 90, 0.1, 128, ReLU())",0.5656666855017344,-0.18439260787434048
"(5, 90, 0.1, 128, Tanh())",0.00222222234070715,-0.18593419591585794
"(5, 90, 0.1, 128, Sigmoid())",0.0,0.038308537668652005
"(5, 100, 0.001, 32, ReLU())",0.015166667548732625,0.6108709706200494
"(5, 100, 0.001, 32, Tanh())",0.0,0.5929779873953925
"(5, 100, 0.001, 32, Sigmoid())",0.0,0.4294728570514255
"(5, 100, 0.001, 64, ReLU())",0.003777777963680112,0.6173001064194573
"(5, 100, 0.001, 64, Tanh())",0.0,0.5701843069659339
"(5, 100, 0.001, 64, Sigmoid())",0.0,0.20603064695994058
"(5, 100, 0.001, 128, ReLU())",0.0005000000237487257,0.5662916799386343
"(5, 100, 0.001, 128, Tanh())",0.0,0.5579489668210348
"(5, 100, 0.001, 128, Sigmoid())",0.0,0.019557701216803655
"(5, 100, 0.01, 32, ReLU())",0.05972222461261683,0.6348634031083848
"(5, 100, 0.01, 32, Tanh())",0.0,0.6324830419487424
"(5, 100, 0.01, 32, Sigmoid())",0.0,0.5512450039386749
"(5, 100, 0.01, 64, ReLU())",0.04055555661519369,0.6056463585959541
"(5, 100, 0.01, 64, Tanh())",0.0,0.6248498857021332
"(5, 100, 0.01, 64, Sigmoid())",0.0,0.37379616167810226
"(5, 100, 0.01, 128, ReLU())",0.0415000015636906,0.6315968500243293
"(5, 100, 0.01, 128, Tanh())",0.0,0.5949879288673401
"(5, 100, 0.01, 128, Sigmoid())",0.0,0.196769740846422
"(5, 100, 0.1, 32, ReLU())",0.5381111436420016,-0.7226552168528239
"(5, 100, 0.1, 32, Tanh())",0.0010555555927567184,-0.15077915456559923
"(5, 100, 0.1, 32, Sigmoid())",0.0,-0.0035198794470893014
"(5, 100, 0.1, 64, ReLU())",0.5505555735694038,-0.02697160840034485
"(5, 100, 0.1, 64, Tanh())",0.002222222269564453,-0.11190174354447259
"(5, 100, 0.1, 64, Sigmoid())",0.0,-0.0008785658412509494
"(5, 100, 0.1, 128, ReLU())",0.5668889184792837,-0.9734222491582235
"(5, 100, 0.1, 128, Tanh())",0.0005555555819430285,-0.16503647963205972
"(5, 100, 0.1, 128, Sigmoid())",0.0,0.05084853702121311
